project,property_address,unit,size,rooms
12,"2350 Ave. Mariette, Montreal, QC, H4B 2E6",0,,?
12,"2350 Ave. Mariette, Montreal, QC, H4B 2E6",1,1,1.5
12,"2350 Ave. Mariette, Montreal, QC, H4B 2E6",10,1,1.5
12,"2350 Ave. Mariette, Montreal, QC, H4B 2E6",11,1,1.5
12,"2350 Ave. Mariette, Montreal, QC, H4B 2E6",12,3,3.5
12,"2350 Ave. Mariette, Montreal, QC, H4B 2E6",14,2,2.5
12,"2350 Ave. Mariette, Montreal, QC, H4B 2E6",15,1,1.5
12,"2350 Ave. Mariette, Montreal, QC, H4B 2E6",16,1,1.5
12,"2350 Ave. Mariette, Montreal, QC, H4B 2E6",17,1,1.5
12,"2350 Ave. Mariette, Montreal, QC, H4B 2E6",20,3,3.5
12,"2350 Ave. Mariette, Montreal, QC, H4B 2E6",21,1,1.5
12,"2350 Ave. Mariette, Montreal, QC, H4B 2E6",22,3,3.5
12,"2350 Ave. Mariette, Montreal, QC, H4B 2E6",23,2,2.5
12,"2350 Ave. Mariette, Montreal, QC, H4B 2E6",24,1,1.5
12,"2350 Ave. Mariette, Montreal, QC, H4B 2E6",25,1,1.5
12,"2350 Ave. Mariette, Montreal, QC, H4B 2E6",26,1,1.5
12,"2350 Ave. Mariette, Montreal, QC, H4B 2E6",30,3,3.5
12,"2350 Ave. Mariette, Montreal, QC, H4B 2E6",31,1,1.5
12,"2350 Ave. Mariette, Montreal, QC, H4B 2E6",32,3,3.5
12,"2350 Ave. Mariette, Montreal, QC, H4B 2E6",33,2,2.5
12,"2350 Ave. Mariette, Montreal, QC, H4B 2E6",34,1,1.5
12,"2350 Ave. Mariette, Montreal, QC, H4B 2E6",35,1,1.5
12,"2350 Ave. Mariette, Montreal, QC, H4B 2E6",36,1,1.5
12,"2354 Ave. Mariette, Montreal, QC, H4B 2E6",1,1,1.5
12,"2354 Ave. Mariette, Montreal, QC, H4B 2E6",2,3,3.5
12,"2354 Ave. Mariette, Montreal, QC, H4B 2E6",3,3,3.5
12,"2354 Ave. Mariette, Montreal, QC, H4B 2E6",4,1,1.5
12,"2354 Ave. Mariette, Montreal, QC, H4B 2E6",5,2,2.5
12,"2354 Ave. Mariette, Montreal, QC, H4B 2E6",6,3,3.5
12,"2354 Ave. Mariette, Montreal, QC, H4B 2E6",7,1,1.5
12,"2354 Ave. Mariette, Montreal, QC, H4B 2E6",10,1,1.5
12,"2354 Ave. Mariette, Montreal, QC, H4B 2E6",11,3,3.5
12,"2354 Ave. Mariette, Montreal, QC, H4B 2E6",12,3,3.5
12,"2354 Ave. Mariette, Montreal, QC, H4B 2E6",14,1,1.5
12,"2354 Ave. Mariette, Montreal, QC, H4B 2E6",15,1,1.5
12,"2354 Ave. Mariette, Montreal, QC, H4B 2E6",16,3,3.5
12,"2354 Ave. Mariette, Montreal, QC, H4B 2E6",17,3,3.5
12,"2354 Ave. Mariette, Montreal, QC, H4B 2E6",18,3,3.5
12,"2354 Ave. Mariette, Montreal, QC, H4B 2E6",20,1,1.5
12,"2354 Ave. Mariette, Montreal, QC, H4B 2E6",21,1,1.5
12,"2354 Ave. Mariette, Montreal, QC, H4B 2E6",22,3,3.5
12,"2354 Ave. Mariette, Montreal, QC, H4B 2E6",23,3,3.5
12,"2354 Ave. Mariette, Montreal, QC, H4B 2E6",24,1,1.5
12,"2354 Ave. Mariette, Montreal, QC, H4B 2E6",25,1,1.5
12,"2354 Ave. Mariette, Montreal, QC, H4B 2E6",26,3,3.5
12,"2354 Ave. Mariette, Montreal, QC, H4B 2E6",27,3,3.5
12,"2354 Ave. Mariette, Montreal, QC, H4B 2E6",28,3,3.5
12,"2354 Ave. Mariette, Montreal, QC, H4B 2E6",30,1,1.5
12,"2354 Ave. Mariette, Montreal, QC, H4B 2E6",31,1,1.5
12,"2354 Ave. Mariette, Montreal, QC, H4B 2E6",32,3,3.5
12,"2354 Ave. Mariette, Montreal, QC, H4B 2E6",33,3,3.5
12,"2354 Ave. Mariette, Montreal, QC, H4B 2E6",34,1,1.5
12,"2354 Ave. Mariette, Montreal, QC, H4B 2E6",35,1,1.5
12,"2354 Ave. Mariette, Montreal, QC, H4B 2E6",36,3,3.5
12,"2354 Ave. Mariette, Montreal, QC, H4B 2E6",37,3,3.5
12,"2354 Ave. Mariette, Montreal, QC, H4B 2E6",38,3,3.5
13,"9379 Boul. Lasalle, LaSalle, QC, H8R 2M8",98,3,3.5
13,"9379 Boul. Lasalle, LaSalle, QC, H8R 2M8",99,3,3.5
13,"9379 Boul. Lasalle, LaSalle, QC, H8R 2M8",100,4,4.5
13,"9379 Boul. Lasalle, LaSalle, QC, H8R 2M8",101,1,1.5
13,"9379 Boul. Lasalle, LaSalle, QC, H8R 2M8",102,4,4.5
13,"9379 Boul. Lasalle, LaSalle, QC, H8R 2M8",103,3,3.5
13,"9379 Boul. Lasalle, LaSalle, QC, H8R 2M8",104,4,4.5
13,"9379 Boul. Lasalle, LaSalle, QC, H8R 2M8",105,4,4.5
13,"9379 Boul. Lasalle, LaSalle, QC, H8R 2M8",106,4,4.5
13,"9379 Boul. Lasalle, LaSalle, QC, H8R 2M8",107,4,4.5
13,"9379 Boul. Lasalle, LaSalle, QC, H8R 2M8",108,4,4.5
13,"9379 Boul. Lasalle, LaSalle, QC, H8R 2M8",109,4,4.5
13,"9379 Boul. Lasalle, LaSalle, QC, H8R 2M8",110,4,4.5
13,"9379 Boul. Lasalle, LaSalle, QC, H8R 2M8",111,4,4.5
13,"9379 Boul. Lasalle, LaSalle, QC, H8R 2M8",112,3,3.5
13,"9379 Boul. Lasalle, LaSalle, QC, H8R 2M8",114,4,4.5
13,"9379 Boul. Lasalle, LaSalle, QC, H8R 2M8",115,1,1.5
13,"9379 Boul. Lasalle, LaSalle, QC, H8R 2M8",201,2,2.5
13,"9379 Boul. Lasalle, LaSalle, QC, H8R 2M8",202,4,4.5
13,"9379 Boul. Lasalle, LaSalle, QC, H8R 2M8",203,3,3.5
13,"9379 Boul. Lasalle, LaSalle, QC, H8R 2M8",204,4,4.5
13,"9379 Boul. Lasalle, LaSalle, QC, H8R 2M8",205,4,4.5
13,"9379 Boul. Lasalle, LaSalle, QC, H8R 2M8",206,4,4.5
13,"9379 Boul. Lasalle, LaSalle, QC, H8R 2M8",207,4,4.5
13,"9379 Boul. Lasalle, LaSalle, QC, H8R 2M8",208,4,4.5
13,"9379 Boul. Lasalle, LaSalle, QC, H8R 2M8",209,4,4.5
13,"9379 Boul. Lasalle, LaSalle, QC, H8R 2M8",210,4,4.5
13,"9379 Boul. Lasalle, LaSalle, QC, H8R 2M8",211,4,4.5
13,"9379 Boul. Lasalle, LaSalle, QC, H8R 2M8",212,3,3.5
13,"9379 Boul. Lasalle, LaSalle, QC, H8R 2M8",214,4,4.5
13,"9379 Boul. Lasalle, LaSalle, QC, H8R 2M8",215,1,1.5
13,"9379 Boul. Lasalle, LaSalle, QC, H8R 2M8",301,1,1.5
13,"9379 Boul. Lasalle, LaSalle, QC, H8R 2M8",302,4,4.5
13,"9379 Boul. Lasalle, LaSalle, QC, H8R 2M8",303,3,3.5
13,"9379 Boul. Lasalle, LaSalle, QC, H8R 2M8",304,4,4.5
13,"9379 Boul. Lasalle, LaSalle, QC, H8R 2M8",305,4,4.5
13,"9379 Boul. Lasalle, LaSalle, QC, H8R 2M8",306,4,4.5
13,"9379 Boul. Lasalle, LaSalle, QC, H8R 2M8",307,4,4.5
13,"9379 Boul. Lasalle, LaSalle, QC, H8R 2M8",308,4,4.5
13,"9379 Boul. Lasalle, LaSalle, QC, H8R 2M8",309,4,4.5
13,"9379 Boul. Lasalle, LaSalle, QC, H8R 2M8",310,4,4.5
13,"9379 Boul. Lasalle, LaSalle, QC, H8R 2M8",311,4,4.5
13,"9379 Boul. Lasalle, LaSalle, QC, H8R 2M8",312,3,"3 1/2 Luxueux au bord de l'eau a Lasalle •	Immeuble propre, calme. •	Chauffage et eau chaude inclus. •	Semi-Meublé (Poêle, Réfrigérateur). •	Rénové. •	Buanderie commune. •	Piscine. •	Sécurisé avec caméras et entrée sans clé. •	Stationnement intérieur disponible.  3 1/2 Luxurious on the water, in Lasalle •	Clean, quiet building. •	Heating, and hot water included. •	Semi-Furnished (Stove, And Refrigerator). •	Renovated. •	Shared laundry room. •	Swimming pool. •	Secure building with Cameras and keyless entry. •	Indoor parking available."
13,"9379 Boul. Lasalle, LaSalle, QC, H8R 2M8",314,4,4.5
13,"9379 Boul. Lasalle, LaSalle, QC, H8R 2M8",315,1,1.5
13,"9399 Boul. Lasalle, LaSalle, QC, H8R 2M8",1,3,3.5
13,"9399 Boul. Lasalle, LaSalle, QC, H8R 2M8",2,4,4.5
13,"9399 Boul. Lasalle, LaSalle, QC, H8R 2M8",3,3,3.5
13,"9399 Boul. Lasalle, LaSalle, QC, H8R 2M8",4,3,3.5
13,"9399 Boul. Lasalle, LaSalle, QC, H8R 2M8",5,3,3.5
13,"9399 Boul. Lasalle, LaSalle, QC, H8R 2M8",6,3,3.5
13,"9399 Boul. Lasalle, LaSalle, QC, H8R 2M8",7,3,3.5
13,"9399 Boul. Lasalle, LaSalle, QC, H8R 2M8",8,3,3.5
13,"9399 Boul. Lasalle, LaSalle, QC, H8R 2M8",9,4,4.5
13,"9399 Boul. Lasalle, LaSalle, QC, H8R 2M8",10,3,3.5
13,"9399 Boul. Lasalle, LaSalle, QC, H8R 2M8",11,3,3.5
13,"9399 Boul. Lasalle, LaSalle, QC, H8R 2M8",12,4,4.5
13,"9399 Boul. Lasalle, LaSalle, QC, H8R 2M8",14,3,3.5
13,"9399 Boul. Lasalle, LaSalle, QC, H8R 2M8",15,3,3.5
13,"9399 Boul. Lasalle, LaSalle, QC, H8R 2M8",16,3,3.5
13,"9399 Boul. Lasalle, LaSalle, QC, H8R 2M8",17,3,3.5
13,"9399 Boul. Lasalle, LaSalle, QC, H8R 2M8",18,3,3.5
13,"9399 Boul. Lasalle, LaSalle, QC, H8R 2M8",19,3,3.5
13,"9399 Boul. Lasalle, LaSalle, QC, H8R 2M8",20,4,4.5
13,"9399 Boul. Lasalle, LaSalle, QC, H8R 2M8",21,3,3.5
13,"9399 Boul. Lasalle, LaSalle, QC, H8R 2M8",22,3,3.5
13,"9399 Boul. Lasalle, LaSalle, QC, H8R 2M8",23,3,3.5
13,"9399 Boul. Lasalle, LaSalle, QC, H8R 2M8",24,4,4.5
13,"9399 Boul. Lasalle, LaSalle, QC, H8R 2M8",25,3,3.5
13,"9399 Boul. Lasalle, LaSalle, QC, H8R 2M8",26,3,3.5
13,"9399 Boul. Lasalle, LaSalle, QC, H8R 2M8",27,3,3.5
13,"9399 Boul. Lasalle, LaSalle, QC, H8R 2M8",28,3,3.5
13,"9399 Boul. Lasalle, LaSalle, QC, H8R 2M8",29,3,3.5
13,"9399 Boul. Lasalle, LaSalle, QC, H8R 2M8",30,3,3.5
13,"9399 Boul. Lasalle, LaSalle, QC, H8R 2M8",31,4,4.5
13,"9399 Boul. Lasalle, LaSalle, QC, H8R 2M8",32,3,3.5
13,"9399 Boul. Lasalle, LaSalle, QC, H8R 2M8",33,3,3.5
13,"9399 Boul. Lasalle, LaSalle, QC, H8R 2M8",34,3,3.5
13,"9400 Rue Centrale, LaSalle, QC, H8R 2K3",1,3,3.5
13,"9400 Rue Centrale, LaSalle, QC, H8R 2K3",2,3,3.5
13,"9400 Rue Centrale, LaSalle, QC, H8R 2K3",3,4,4.5
13,"9400 Rue Centrale, LaSalle, QC, H8R 2K3",4,3,3.5
13,"9400 Rue Centrale, LaSalle, QC, H8R 2K3",5,3,3.5
13,"9400 Rue Centrale, LaSalle, QC, H8R 2K3",6,3,3.5
13,"9400 Rue Centrale, LaSalle, QC, H8R 2K3",7,3,3.5
13,"9400 Rue Centrale, LaSalle, QC, H8R 2K3",8,3,3.5
13,"9400 Rue Centrale, LaSalle, QC, H8R 2K3",9,4,4.5
13,"9400 Rue Centrale, LaSalle, QC, H8R 2K3",10,3,3.5
13,"9400 Rue Centrale, LaSalle, QC, H8R 2K3",11,3,3.5
13,"9400 Rue Centrale, LaSalle, QC, H8R 2K3",12,4,4.5
13,"9400 Rue Centrale, LaSalle, QC, H8R 2K3",14,3,"3 1/2 Luxueux au bord de l'eau a Lasalle •	Immeuble propre, calme. •	Chauffage et eau chaude inclus. •	Semi-Meublé (Poêle, Réfrigérateur). •	Rénové. •	Buanderie commune. •	Piscine. •	Sécurisé avec caméras et entrée sans clé. •	Stationnement intérieur disponible.  3 1/2 Luxurious on the water, in Lasalle •	Clean, quiet building. •	Heating, and hot water included. •	Semi-Furnished (Stove, And Refrigerator). •	Renovated. •	Shared laundry room. •	Swimming pool. •	Secure building with Cameras and keyless entry. •	Indoor parking available."
13,"9400 Rue Centrale, LaSalle, QC, H8R 2K3",15,3,3.5
13,"9400 Rue Centrale, LaSalle, QC, H8R 2K3",16,3,3.5
13,"9400 Rue Centrale, LaSalle, QC, H8R 2K3",17,2,2.5
13,"9400 Rue Centrale, LaSalle, QC, H8R 2K3",18,3,3.5
13,"9400 Rue Centrale, LaSalle, QC, H8R 2K3",19,3,3.5
13,"9400 Rue Centrale, LaSalle, QC, H8R 2K3",20,4,4.5
13,"9400 Rue Centrale, LaSalle, QC, H8R 2K3",21,3,3.5
13,"9400 Rue Centrale, LaSalle, QC, H8R 2K3",22,3,3.5
13,"9400 Rue Centrale, LaSalle, QC, H8R 2K3",23,3,3.5
13,"9400 Rue Centrale, LaSalle, QC, H8R 2K3",24,3,3.5
13,"9400 Rue Centrale, LaSalle, QC, H8R 2K3",25,4,4.5
13,"9400 Rue Centrale, LaSalle, QC, H8R 2K3",26,3,3.5
13,"9400 Rue Centrale, LaSalle, QC, H8R 2K3",27,3,3.5
13,"9400 Rue Centrale, LaSalle, QC, H8R 2K3",28,2,2.5
13,"9400 Rue Centrale, LaSalle, QC, H8R 2K3",29,3,3.5
13,"9400 Rue Centrale, LaSalle, QC, H8R 2K3",30,3,3.5
13,"9400 Rue Centrale, LaSalle, QC, H8R 2K3",31,3,3.5
13,"9400 Rue Centrale, LaSalle, QC, H8R 2K3",32,4,4.5
13,"9400 Rue Centrale, LaSalle, QC, H8R 2K3",33,3,3.5
13,"9400 Rue Centrale, LaSalle, QC, H8R 2K3",34,3,3.5
13,"9419 Boul. Lasalle, LaSalle, QC, H8R 2M8",100,4,4.5
13,"9419 Boul. Lasalle, LaSalle, QC, H8R 2M8",101,1,1.5
13,"9419 Boul. Lasalle, LaSalle, QC, H8R 2M8",102,4,4.5
13,"9419 Boul. Lasalle, LaSalle, QC, H8R 2M8",103,3,3.5
13,"9419 Boul. Lasalle, LaSalle, QC, H8R 2M8",104,4,4.5
13,"9419 Boul. Lasalle, LaSalle, QC, H8R 2M8",105,4,4.5
13,"9419 Boul. Lasalle, LaSalle, QC, H8R 2M8",106,4,4.5
13,"9419 Boul. Lasalle, LaSalle, QC, H8R 2M8",107,4,4.5
13,"9419 Boul. Lasalle, LaSalle, QC, H8R 2M8",108,4,4.5
13,"9419 Boul. Lasalle, LaSalle, QC, H8R 2M8",109,4,4.5
13,"9419 Boul. Lasalle, LaSalle, QC, H8R 2M8",110,4,4.5
13,"9419 Boul. Lasalle, LaSalle, QC, H8R 2M8",111,4,4.5
13,"9419 Boul. Lasalle, LaSalle, QC, H8R 2M8",112,3,3.5
13,"9419 Boul. Lasalle, LaSalle, QC, H8R 2M8",114,4,4.5
13,"9419 Boul. Lasalle, LaSalle, QC, H8R 2M8",115,1,1.5
13,"9419 Boul. Lasalle, LaSalle, QC, H8R 2M8",201,,2.5
13,"9419 Boul. Lasalle, LaSalle, QC, H8R 2M8",202,4,4.5
13,"9419 Boul. Lasalle, LaSalle, QC, H8R 2M8",203,3,3.5
13,"9419 Boul. Lasalle, LaSalle, QC, H8R 2M8",204,4,4.5
13,"9419 Boul. Lasalle, LaSalle, QC, H8R 2M8",205,4,4.5
13,"9419 Boul. Lasalle, LaSalle, QC, H8R 2M8",206,4,4.5
13,"9419 Boul. Lasalle, LaSalle, QC, H8R 2M8",207,4,4.5
13,"9419 Boul. Lasalle, LaSalle, QC, H8R 2M8",208,4,4.5
13,"9419 Boul. Lasalle, LaSalle, QC, H8R 2M8",209,4,4.5
13,"9419 Boul. Lasalle, LaSalle, QC, H8R 2M8",210,4,4.5
13,"9419 Boul. Lasalle, LaSalle, QC, H8R 2M8",211,4,4.5
13,"9419 Boul. Lasalle, LaSalle, QC, H8R 2M8",212,3,3.5
13,"9419 Boul. Lasalle, LaSalle, QC, H8R 2M8",214,4,4.5
13,"9419 Boul. Lasalle, LaSalle, QC, H8R 2M8",215,2,2.5
13,"9419 Boul. Lasalle, LaSalle, QC, H8R 2M8",301,2,2.5
13,"9419 Boul. Lasalle, LaSalle, QC, H8R 2M8",302,4,4.5
13,"9419 Boul. Lasalle, LaSalle, QC, H8R 2M8",303,3,3.5
13,"9419 Boul. Lasalle, LaSalle, QC, H8R 2M8",304,4,4.5
13,"9419 Boul. Lasalle, LaSalle, QC, H8R 2M8",305,4,4.5
13,"9419 Boul. Lasalle, LaSalle, QC, H8R 2M8",306,4,4.5
13,"9419 Boul. Lasalle, LaSalle, QC, H8R 2M8",307,4,4.5
13,"9419 Boul. Lasalle, LaSalle, QC, H8R 2M8",308,4,4.5
13,"9419 Boul. Lasalle, LaSalle, QC, H8R 2M8",309,4,4.5
13,"9419 Boul. Lasalle, LaSalle, QC, H8R 2M8",310,4,4.5
13,"9419 Boul. Lasalle, LaSalle, QC, H8R 2M8",311,4,4.5
13,"9419 Boul. Lasalle, LaSalle, QC, H8R 2M8",312,3,3.5
13,"9419 Boul. Lasalle, LaSalle, QC, H8R 2M8",314,4,4.5
13,"9419 Boul. Lasalle, LaSalle, QC, H8R 2M8",315,2,2.5
14,"3195 Ave. Parkville, Montreal, QC, H1N 3B4",1,4,4.5
14,"3195 Ave. Parkville, Montreal, QC, H1N 3B4",2,3,3.5
14,"3195 Ave. Parkville, Montreal, QC, H1N 3B4",3,4,4.5
14,"3195 Ave. Parkville, Montreal, QC, H1N 3B4",4,3,3.5
14,"3195 Ave. Parkville, Montreal, QC, H1N 3B4",5,3,3.5
14,"3195 Ave. Parkville, Montreal, QC, H1N 3B4",6,3,3.5
14,"3195 Ave. Parkville, Montreal, QC, H1N 3B4",7,3,3.5
14,"3195 Ave. Parkville, Montreal, QC, H1N 3B4",8,3,3.5
14,"3195 Ave. Parkville, Montreal, QC, H1N 3B4",9,4,4.5
14,"3195 Ave. Parkville, Montreal, QC, H1N 3B4",10,3,3.5
14,"3195 Ave. Parkville, Montreal, QC, H1N 3B4",11,3,3.5
14,"3195 Ave. Parkville, Montreal, QC, H1N 3B4",12,3,3.5
14,"3195 Ave. Parkville, Montreal, QC, H1N 3B4",14,3,3.5
14,"3195 Ave. Parkville, Montreal, QC, H1N 3B4",15,4,4.5
14,"3195 Ave. Parkville, Montreal, QC, H1N 3B4",16,4,4.5
14,"3195 Ave. Parkville, Montreal, QC, H1N 3B4",17,3,3.5
14,"3195 Ave. Parkville, Montreal, QC, H1N 3B4",18,4,4.5
14,"3195 Ave. Parkville, Montreal, QC, H1N 3B4",19,3,3.5
14,"3195 Ave. Parkville, Montreal, QC, H1N 3B4",20,3,3.5
14,"3195 Ave. Parkville, Montreal, QC, H1N 3B4",21,4,4.5
14,"3215 Ave. Parkville, Montreal, QC, H1N 3B4",1,4,4.5
14,"3215 Ave. Parkville, Montreal, QC, H1N 3B4",2,3,3.5
14,"3215 Ave. Parkville, Montreal, QC, H1N 3B4",3,3,3.5
14,"3215 Ave. Parkville, Montreal, QC, H1N 3B4",4,3,3.5
14,"3215 Ave. Parkville, Montreal, QC, H1N 3B4",5,3,3.5
14,"3215 Ave. Parkville, Montreal, QC, H1N 3B4",6,3,3.5
14,"3215 Ave. Parkville, Montreal, QC, H1N 3B4",7,3,3.5
14,"3215 Ave. Parkville, Montreal, QC, H1N 3B4",8,4,4.5
14,"3215 Ave. Parkville, Montreal, QC, H1N 3B4",9,4,4.5
14,"3215 Ave. Parkville, Montreal, QC, H1N 3B4",10,3,3.5
14,"3215 Ave. Parkville, Montreal, QC, H1N 3B4",11,3,3.5
14,"3215 Ave. Parkville, Montreal, QC, H1N 3B4",12,3,3.5
14,"3215 Ave. Parkville, Montreal, QC, H1N 3B4",14,3,3.5
14,"3215 Ave. Parkville, Montreal, QC, H1N 3B4",15,4,4.5
14,"3215 Ave. Parkville, Montreal, QC, H1N 3B4",16,4,4.5
14,"3215 Ave. Parkville, Montreal, QC, H1N 3B4",17,3,3.5
14,"3215 Ave. Parkville, Montreal, QC, H1N 3B4",18,3,3.5
14,"3215 Ave. Parkville, Montreal, QC, H1N 3B4",19,3,3.5
14,"3215 Ave. Parkville, Montreal, QC, H1N 3B4",20,3,3.5
14,"3215 Ave. Parkville, Montreal, QC, H1N 3B4",21,4,4.5
14,"3225 Boul. Langelier, Montreal, QC, H1N 3A7",1,4,4.5
14,"3225 Boul. Langelier, Montreal, QC, H1N 3A7",2,3,3.5
14,"3225 Boul. Langelier, Montreal, QC, H1N 3A7",3,3,3.5
14,"3225 Boul. Langelier, Montreal, QC, H1N 3A7",4,3,3.5
14,"3225 Boul. Langelier, Montreal, QC, H1N 3A7",5,4,4.5
14,"3225 Boul. Langelier, Montreal, QC, H1N 3A7",6,4,4.5
14,"3225 Boul. Langelier, Montreal, QC, H1N 3A7",7,3,3.5
14,"3225 Boul. Langelier, Montreal, QC, H1N 3A7",8,3,3.5
14,"3225 Boul. Langelier, Montreal, QC, H1N 3A7",9,3,3.5
14,"3225 Boul. Langelier, Montreal, QC, H1N 3A7",10,4,4.5
14,"3225 Boul. Langelier, Montreal, QC, H1N 3A7",11,4,4.5
14,"3225 Boul. Langelier, Montreal, QC, H1N 3A7",12,3,3.5
14,"3225 Boul. Langelier, Montreal, QC, H1N 3A7",14,3,3.5
14,"3225 Boul. Langelier, Montreal, QC, H1N 3A7",15,3,3.5
14,"3225 Boul. Langelier, Montreal, QC, H1N 3A7",16,3,3.5
14,"3225 Boul. Langelier, Montreal, QC, H1N 3A7",17,4,4.5
14,"3225 Boul. Langelier, Montreal, QC, H1N 3A7",18,4,4.5
14,"3225 Boul. Langelier, Montreal, QC, H1N 3A7",19,3,3.5
14,"3225 Boul. Langelier, Montreal, QC, H1N 3A7",20,3,3.5
14,"3225 Boul. Langelier, Montreal, QC, H1N 3A7",21,3,3.5
14,"3245 Boul. Langelier, Montreal, QC, H1N 3A7",1,3,3.5
14,"3245 Boul. Langelier, Montreal, QC, H1N 3A7",2,3,3.5
14,"3245 Boul. Langelier, Montreal, QC, H1N 3A7",3,3,3.5
14,"3245 Boul. Langelier, Montreal, QC, H1N 3A7",4,3,3.5
14,"3245 Boul. Langelier, Montreal, QC, H1N 3A7",5,3,3.5
14,"3245 Boul. Langelier, Montreal, QC, H1N 3A7",6,3,3.5
14,"3245 Boul. Langelier, Montreal, QC, H1N 3A7",7,3,3.5
14,"3245 Boul. Langelier, Montreal, QC, H1N 3A7",8,4,4.5
14,"3245 Boul. Langelier, Montreal, QC, H1N 3A7",9,3,3.5
14,"3245 Boul. Langelier, Montreal, QC, H1N 3A7",10,3,3.5
14,"3245 Boul. Langelier, Montreal, QC, H1N 3A7",11,3,3.5
14,"3245 Boul. Langelier, Montreal, QC, H1N 3A7",12,3,3.5
14,"3245 Boul. Langelier, Montreal, QC, H1N 3A7",14,3,3.5
14,"3245 Boul. Langelier, Montreal, QC, H1N 3A7",15,4,4.5
14,"3245 Boul. Langelier, Montreal, QC, H1N 3A7",16,3,3.5
14,"3245 Boul. Langelier, Montreal, QC, H1N 3A7",17,3,3.5
14,"3245 Boul. Langelier, Montreal, QC, H1N 3A7",18,3,3.5
14,"3245 Boul. Langelier, Montreal, QC, H1N 3A7",19,3,3.5
14,"3245 Boul. Langelier, Montreal, QC, H1N 3A7",20,3,3.5
14,"3245 Boul. Langelier, Montreal, QC, H1N 3A7",21,4,4.5
14,"3265 Boul. Langelier, Montreal, QC, H1N 3A7",1,3,3.5
14,"3265 Boul. Langelier, Montreal, QC, H1N 3A7",2,3,3.5
14,"3265 Boul. Langelier, Montreal, QC, H1N 3A7",3,3,3.5
14,"3265 Boul. Langelier, Montreal, QC, H1N 3A7",4,3,3.5
14,"3265 Boul. Langelier, Montreal, QC, H1N 3A7",5,3,3.5
14,"3265 Boul. Langelier, Montreal, QC, H1N 3A7",6,3,3.5
14,"3265 Boul. Langelier, Montreal, QC, H1N 3A7",7,3,3.5
14,"3265 Boul. Langelier, Montreal, QC, H1N 3A7",8,3,3.5
14,"3265 Boul. Langelier, Montreal, QC, H1N 3A7",9,4,4.5
14,"3265 Boul. Langelier, Montreal, QC, H1N 3A7",10,3,3.5
14,"3265 Boul. Langelier, Montreal, QC, H1N 3A7",11,3,3.5
14,"3265 Boul. Langelier, Montreal, QC, H1N 3A7",12,3,3.5
14,"3265 Boul. Langelier, Montreal, QC, H1N 3A7",14,3,3.5
14,"3265 Boul. Langelier, Montreal, QC, H1N 3A7",15,3,3.5
14,"3265 Boul. Langelier, Montreal, QC, H1N 3A7",16,4,4.5
14,"3265 Boul. Langelier, Montreal, QC, H1N 3A7",17,3,3.5
14,"3265 Boul. Langelier, Montreal, QC, H1N 3A7",18,3,3.5
14,"3265 Boul. Langelier, Montreal, QC, H1N 3A7",19,3,3.5
14,"3265 Boul. Langelier, Montreal, QC, H1N 3A7",20,3,3.5
14,"3265 Boul. Langelier, Montreal, QC, H1N 3A7",21,3,3.5
14,"3285 Boul. Langelier, Montreal, QC, H1N 3A7",1,4,4.5
14,"3285 Boul. Langelier, Montreal, QC, H1N 3A7",2,3,3.5
14,"3285 Boul. Langelier, Montreal, QC, H1N 3A7",3,3,3.5
14,"3285 Boul. Langelier, Montreal, QC, H1N 3A7",4,3,3.5
14,"3285 Boul. Langelier, Montreal, QC, H1N 3A7",5,4,4.5
14,"3285 Boul. Langelier, Montreal, QC, H1N 3A7",6,4,4.5
14,"3285 Boul. Langelier, Montreal, QC, H1N 3A7",7,3,3.5
14,"3285 Boul. Langelier, Montreal, QC, H1N 3A7",8,3,3.5
14,"3285 Boul. Langelier, Montreal, QC, H1N 3A7",9,3,3.5
14,"3285 Boul. Langelier, Montreal, QC, H1N 3A7",10,3,3.5
14,"3285 Boul. Langelier, Montreal, QC, H1N 3A7",11,4,4.5
14,"3285 Boul. Langelier, Montreal, QC, H1N 3A7",12,4,4.5
14,"3285 Boul. Langelier, Montreal, QC, H1N 3A7",14,3,3.5
14,"3285 Boul. Langelier, Montreal, QC, H1N 3A7",15,3,3.5
14,"3285 Boul. Langelier, Montreal, QC, H1N 3A7",16,3,3.5
14,"3285 Boul. Langelier, Montreal, QC, H1N 3A7",17,3,3.5
14,"3285 Boul. Langelier, Montreal, QC, H1N 3A7",18,4,4.5
14,"3285 Boul. Langelier, Montreal, QC, H1N 3A7",19,4,4.5
14,"3285 Boul. Langelier, Montreal, QC, H1N 3A7",20,3,3.5
14,"3285 Boul. Langelier, Montreal, QC, H1N 3A7",21,3,3.5
17,"585 77e Avenue, Laval, QC, H7V 3A2",200,3,3.5
17,"585 77e Avenue, Laval, QC, H7V 3A2",201,3,3.5
17,"585 77e Avenue, Laval, QC, H7V 3A2",202,4,4.5
17,"585 77e Avenue, Laval, QC, H7V 3A2",203,4,4.5
17,"585 77e Avenue, Laval, QC, H7V 3A2",204,3,3.5
17,"585 77e Avenue, Laval, QC, H7V 3A2",205,4,4.5
17,"585 77e Avenue, Laval, QC, H7V 3A2",206,4,4.5
17,"585 77e Avenue, Laval, QC, H7V 3A2",207,4,4.5
17,"585 77e Avenue, Laval, QC, H7V 3A2",208,4,4.5
17,"585 77e Avenue, Laval, QC, H7V 3A2",209,4,4.5
17,"585 77e Avenue, Laval, QC, H7V 3A2",210,4,4.5
17,"585 77e Avenue, Laval, QC, H7V 3A2",211,4,4.5
17,"585 77e Avenue, Laval, QC, H7V 3A2",212,4,4.5
17,"585 77e Avenue, Laval, QC, H7V 3A2",213,4,4.5
17,"585 77e Avenue, Laval, QC, H7V 3A2",214,4,4.5
17,"585 77e Avenue, Laval, QC, H7V 3A2",215,4,4.5
17,"585 77e Avenue, Laval, QC, H7V 3A2",216,4,4.5
17,"585 77e Avenue, Laval, QC, H7V 3A2",217,4,4.5
17,"585 77e Avenue, Laval, QC, H7V 3A2",218,4,4.5
17,"595 77e Avenue, Laval, QC, H7V 3A2",200,4,4.5
17,"595 77e Avenue, Laval, QC, H7V 3A2",201,3,3.5
17,"595 77e Avenue, Laval, QC, H7V 3A2",202,4,4.5
17,"595 77e Avenue, Laval, QC, H7V 3A2",203,4,4.5
17,"595 77e Avenue, Laval, QC, H7V 3A2",204,3,3.5
17,"595 77e Avenue, Laval, QC, H7V 3A2",205,4,4.5
17,"595 77e Avenue, Laval, QC, H7V 3A2",206,4,4.5
17,"595 77e Avenue, Laval, QC, H7V 3A2",207,4,4.5
17,"595 77e Avenue, Laval, QC, H7V 3A2",208,4,4.5
17,"595 77e Avenue, Laval, QC, H7V 3A2",209,4,4.5
17,"595 77e Avenue, Laval, QC, H7V 3A2",210,4,4.5
17,"595 77e Avenue, Laval, QC, H7V 3A2",211,4,4.5
17,"595 77e Avenue, Laval, QC, H7V 3A2",212,4,4.5
17,"595 77e Avenue, Laval, QC, H7V 3A2",213,4,4.5
17,"595 77e Avenue, Laval, QC, H7V 3A2",214,4,4.5
17,"595 77e Avenue, Laval, QC, H7V 3A2",215,4,4.5
17,"595 77e Avenue, Laval, QC, H7V 3A2",216,4,4.5
17,"595 77e Avenue, Laval, QC, H7V 3A2",217,4,4.5
17,"595 77e Avenue, Laval, QC, H7V 3A2",218,4,4.5
17,"615 77e Avenue, Laval, QC, H7V 3A2",1,5,5.5
17,"615 77e Avenue, Laval, QC, H7V 3A2",101,3,3.5
17,"615 77e Avenue, Laval, QC, H7V 3A2",102,4,4.5
17,"615 77e Avenue, Laval, QC, H7V 3A2",103,4,4.5
17,"615 77e Avenue, Laval, QC, H7V 3A2",104,3,3.5
17,"615 77e Avenue, Laval, QC, H7V 3A2",105,4,4.5
17,"615 77e Avenue, Laval, QC, H7V 3A2",106,4,4.5
17,"615 77e Avenue, Laval, QC, H7V 3A2",201,4,4.5
17,"615 77e Avenue, Laval, QC, H7V 3A2",202,4,4.5
17,"615 77e Avenue, Laval, QC, H7V 3A2",203,4,4.5
17,"615 77e Avenue, Laval, QC, H7V 3A2",204,4,4.5
17,"615 77e Avenue, Laval, QC, H7V 3A2",205,4,4.5
17,"615 77e Avenue, Laval, QC, H7V 3A2",206,4,4.5
17,"615 77e Avenue, Laval, QC, H7V 3A2",301,4,4.5
17,"615 77e Avenue, Laval, QC, H7V 3A2",302,4,4.5
17,"615 77e Avenue, Laval, QC, H7V 3A2",303,4,4.5
17,"615 77e Avenue, Laval, QC, H7V 3A2",304,4,4.5
17,"615 77e Avenue, Laval, QC, H7V 3A2",305,4,4.5
17,"615 77e Avenue, Laval, QC, H7V 3A2",306,4,4.5
17,"615 77e Avenue, Laval, QC, H7V 3A2",Parking,,?
17,"665 77e Avenue, Laval, QC, H7V 3A2",1,3,3.5
17,"665 77e Avenue, Laval, QC, H7V 3A2",101,3,3.5
17,"665 77e Avenue, Laval, QC, H7V 3A2",102,4,4.5
17,"665 77e Avenue, Laval, QC, H7V 3A2",103,4,4.5
17,"665 77e Avenue, Laval, QC, H7V 3A2",104,3,3.5
17,"665 77e Avenue, Laval, QC, H7V 3A2",105,4,4.5
17,"665 77e Avenue, Laval, QC, H7V 3A2",106,4,4.5
17,"665 77e Avenue, Laval, QC, H7V 3A2",201,4,4.5
17,"665 77e Avenue, Laval, QC, H7V 3A2",202,4,4.5
17,"665 77e Avenue, Laval, QC, H7V 3A2",203,4,4.5
17,"665 77e Avenue, Laval, QC, H7V 3A2",204,4,4.5
17,"665 77e Avenue, Laval, QC, H7V 3A2",205,4,4.5
17,"665 77e Avenue, Laval, QC, H7V 3A2",206,4,4.5
17,"665 77e Avenue, Laval, QC, H7V 3A2",301,4,4.5
17,"665 77e Avenue, Laval, QC, H7V 3A2",302,4,4.5
17,"665 77e Avenue, Laval, QC, H7V 3A2",303,4,4.5
17,"665 77e Avenue, Laval, QC, H7V 3A2",304,4,4.5
17,"665 77e Avenue, Laval, QC, H7V 3A2",305,4,4.5
17,"665 77e Avenue, Laval, QC, H7V 3A2",306,4,4.5
17,"725 77e Avenue, Laval, QC, H7V 3A2",1,3,3.5
17,"725 77e Avenue, Laval, QC, H7V 3A2",101,3,3.5
17,"725 77e Avenue, Laval, QC, H7V 3A2",102,3,3.5
17,"725 77e Avenue, Laval, QC, H7V 3A2",103,3,3.5
17,"725 77e Avenue, Laval, QC, H7V 3A2",104,3,3.5
17,"725 77e Avenue, Laval, QC, H7V 3A2",105,3,3.5
17,"725 77e Avenue, Laval, QC, H7V 3A2",106,3,3.5
17,"725 77e Avenue, Laval, QC, H7V 3A2",107,3,3.5
17,"725 77e Avenue, Laval, QC, H7V 3A2",108,3,3.5
17,"725 77e Avenue, Laval, QC, H7V 3A2",201,4,4.5
17,"725 77e Avenue, Laval, QC, H7V 3A2",202,4,4.5
17,"725 77e Avenue, Laval, QC, H7V 3A2",203,3,3.5
17,"725 77e Avenue, Laval, QC, H7V 3A2",204,3,3.5
17,"725 77e Avenue, Laval, QC, H7V 3A2",205,3,3.5
17,"725 77e Avenue, Laval, QC, H7V 3A2",206,3,3.5
17,"725 77e Avenue, Laval, QC, H7V 3A2",207,3,3.5
17,"725 77e Avenue, Laval, QC, H7V 3A2",208,3,3.5
17,"725 77e Avenue, Laval, QC, H7V 3A2",301,4,4.5
17,"725 77e Avenue, Laval, QC, H7V 3A2",302,4,4.5
17,"725 77e Avenue, Laval, QC, H7V 3A2",303,3,3.5
17,"725 77e Avenue, Laval, QC, H7V 3A2",304,3,3.5
17,"725 77e Avenue, Laval, QC, H7V 3A2",305,3,3.5
17,"725 77e Avenue, Laval, QC, H7V 3A2",306,3,3.5
17,"725 77e Avenue, Laval, QC, H7V 3A2",307,3,3.5
17,"725 77e Avenue, Laval, QC, H7V 3A2",308,3,3.5
17,"755 77e Avenue, Laval, QC, H7V 3A2",1,3,3.5
17,"755 77e Avenue, Laval, QC, H7V 3A2",101,3,3.5
17,"755 77e Avenue, Laval, QC, H7V 3A2",102,3,3.5
17,"755 77e Avenue, Laval, QC, H7V 3A2",103,3,3.5
17,"755 77e Avenue, Laval, QC, H7V 3A2",104,3,3.5
17,"755 77e Avenue, Laval, QC, H7V 3A2",105,3,3.5
17,"755 77e Avenue, Laval, QC, H7V 3A2",106,3,3.5
17,"755 77e Avenue, Laval, QC, H7V 3A2",107,3,3.5
17,"755 77e Avenue, Laval, QC, H7V 3A2",108,3,3.5
17,"755 77e Avenue, Laval, QC, H7V 3A2",201,4,4.5
17,"755 77e Avenue, Laval, QC, H7V 3A2",202,4,4.5
17,"755 77e Avenue, Laval, QC, H7V 3A2",203,3,3.5
17,"755 77e Avenue, Laval, QC, H7V 3A2",204,3,3.5
17,"755 77e Avenue, Laval, QC, H7V 3A2",205,3,3.5
17,"755 77e Avenue, Laval, QC, H7V 3A2",206,3,3.5
17,"755 77e Avenue, Laval, QC, H7V 3A2",207,3,3.5
17,"755 77e Avenue, Laval, QC, H7V 3A2",208,3,3.5
17,"755 77e Avenue, Laval, QC, H7V 3A2",301,4,4.5
17,"755 77e Avenue, Laval, QC, H7V 3A2",302,4,4.5
17,"755 77e Avenue, Laval, QC, H7V 3A2",303,3,3.5
17,"755 77e Avenue, Laval, QC, H7V 3A2",304,3,3.5
17,"755 77e Avenue, Laval, QC, H7V 3A2",305,3,3.5
17,"755 77e Avenue, Laval, QC, H7V 3A2",306,3,3.5
17,"755 77e Avenue, Laval, QC, H7V 3A2",307,3,3.5
17,"755 77e Avenue, Laval, QC, H7V 3A2",308,3,3.5
19,"9360 Rue Centrale, LaSalle, QC, H8R 2K3",101,4,4.5
19,"9360 Rue Centrale, LaSalle, QC, H8R 2K3",102,4,4.5
19,"9360 Rue Centrale, LaSalle, QC, H8R 2K3",103,3,3.5
19,"9360 Rue Centrale, LaSalle, QC, H8R 2K3",104,4,4.5
19,"9360 Rue Centrale, LaSalle, QC, H8R 2K3",105,3,3.5
19,"9360 Rue Centrale, LaSalle, QC, H8R 2K3",106,3,3.5
19,"9360 Rue Centrale, LaSalle, QC, H8R 2K3",107,3,3.5
19,"9360 Rue Centrale, LaSalle, QC, H8R 2K3",108,3,3.5
19,"9360 Rue Centrale, LaSalle, QC, H8R 2K3",109,3,3.5
19,"9360 Rue Centrale, LaSalle, QC, H8R 2K3",110,3,3.5
19,"9360 Rue Centrale, LaSalle, QC, H8R 2K3",111,3,3.5
19,"9360 Rue Centrale, LaSalle, QC, H8R 2K3",112,4,4.5
19,"9360 Rue Centrale, LaSalle, QC, H8R 2K3",113,4,4.5
19,"9360 Rue Centrale, LaSalle, QC, H8R 2K3",201,4,4.5
19,"9360 Rue Centrale, LaSalle, QC, H8R 2K3",202,4,4.5
19,"9360 Rue Centrale, LaSalle, QC, H8R 2K3",203,3,3.5
19,"9360 Rue Centrale, LaSalle, QC, H8R 2K3",204,4,4.5
19,"9360 Rue Centrale, LaSalle, QC, H8R 2K3",205,3,3.5
19,"9360 Rue Centrale, LaSalle, QC, H8R 2K3",206,3,3.5
19,"9360 Rue Centrale, LaSalle, QC, H8R 2K3",207,3,3.5
19,"9360 Rue Centrale, LaSalle, QC, H8R 2K3",208,3,3.5
19,"9360 Rue Centrale, LaSalle, QC, H8R 2K3",209,3,3.5
19,"9360 Rue Centrale, LaSalle, QC, H8R 2K3",210,3,3.5
19,"9360 Rue Centrale, LaSalle, QC, H8R 2K3",211,3,3.5
19,"9360 Rue Centrale, LaSalle, QC, H8R 2K3",212,4,4.5
19,"9360 Rue Centrale, LaSalle, QC, H8R 2K3",213,4,4.5
19,"9360 Rue Centrale, LaSalle, QC, H8R 2K3",301,4,4.5
19,"9360 Rue Centrale, LaSalle, QC, H8R 2K3",302,4,4.5
19,"9360 Rue Centrale, LaSalle, QC, H8R 2K3",303,3,3.5
19,"9360 Rue Centrale, LaSalle, QC, H8R 2K3",304,4,4.5
19,"9360 Rue Centrale, LaSalle, QC, H8R 2K3",305,3,3.5
19,"9360 Rue Centrale, LaSalle, QC, H8R 2K3",306,3,3.5
19,"9360 Rue Centrale, LaSalle, QC, H8R 2K3",307,3,3.5
19,"9360 Rue Centrale, LaSalle, QC, H8R 2K3",308,3,3.5
19,"9360 Rue Centrale, LaSalle, QC, H8R 2K3",309,3,3.5
19,"9360 Rue Centrale, LaSalle, QC, H8R 2K3",310,3,3.5
19,"9360 Rue Centrale, LaSalle, QC, H8R 2K3",311,3,3.5
19,"9360 Rue Centrale, LaSalle, QC, H8R 2K3",312,4,4.5
19,"9360 Rue Centrale, LaSalle, QC, H8R 2K3",313,4,4.5
19,"9369 Boul. Lasalle, LaSalle, QC, H8R 2M8",101,4,4.5
19,"9369 Boul. Lasalle, LaSalle, QC, H8R 2M8",102,4,4.5
19,"9369 Boul. Lasalle, LaSalle, QC, H8R 2M8",103,3,3.5
19,"9369 Boul. Lasalle, LaSalle, QC, H8R 2M8",104,4,4.5
19,"9369 Boul. Lasalle, LaSalle, QC, H8R 2M8",105,3,3.5
19,"9369 Boul. Lasalle, LaSalle, QC, H8R 2M8",106,3,3.5
19,"9369 Boul. Lasalle, LaSalle, QC, H8R 2M8",107,3,3.5
19,"9369 Boul. Lasalle, LaSalle, QC, H8R 2M8",108,3,3.5
19,"9369 Boul. Lasalle, LaSalle, QC, H8R 2M8",109,3,3.5
19,"9369 Boul. Lasalle, LaSalle, QC, H8R 2M8",110,3,3.5
19,"9369 Boul. Lasalle, LaSalle, QC, H8R 2M8",111,3,3.5
19,"9369 Boul. Lasalle, LaSalle, QC, H8R 2M8",112,4,4.5
19,"9369 Boul. Lasalle, LaSalle, QC, H8R 2M8",113,4,4.5
19,"9369 Boul. Lasalle, LaSalle, QC, H8R 2M8",201,4,4.5
19,"9369 Boul. Lasalle, LaSalle, QC, H8R 2M8",202,4,4.5
19,"9369 Boul. Lasalle, LaSalle, QC, H8R 2M8",203,3,3.5
19,"9369 Boul. Lasalle, LaSalle, QC, H8R 2M8",204,4,4.5
19,"9369 Boul. Lasalle, LaSalle, QC, H8R 2M8",205,3,3.5
19,"9369 Boul. Lasalle, LaSalle, QC, H8R 2M8",206,3,3.5
19,"9369 Boul. Lasalle, LaSalle, QC, H8R 2M8",207,3,3.5
19,"9369 Boul. Lasalle, LaSalle, QC, H8R 2M8",208,3,3.5
19,"9369 Boul. Lasalle, LaSalle, QC, H8R 2M8",209,3,3.5
19,"9369 Boul. Lasalle, LaSalle, QC, H8R 2M8",210,3,3.5
19,"9369 Boul. Lasalle, LaSalle, QC, H8R 2M8",211,3,3.5
19,"9369 Boul. Lasalle, LaSalle, QC, H8R 2M8",212,4,4.5
19,"9369 Boul. Lasalle, LaSalle, QC, H8R 2M8",213,4,4.5
19,"9369 Boul. Lasalle, LaSalle, QC, H8R 2M8",301,4,4.5
19,"9369 Boul. Lasalle, LaSalle, QC, H8R 2M8",302,4,4.5
19,"9369 Boul. Lasalle, LaSalle, QC, H8R 2M8",303,3,3.5
19,"9369 Boul. Lasalle, LaSalle, QC, H8R 2M8",304,4,4.5
19,"9369 Boul. Lasalle, LaSalle, QC, H8R 2M8",305,3,3.5
19,"9369 Boul. Lasalle, LaSalle, QC, H8R 2M8",306,3,3.5
19,"9369 Boul. Lasalle, LaSalle, QC, H8R 2M8",307,3,3.5
19,"9369 Boul. Lasalle, LaSalle, QC, H8R 2M8",308,3,3.5
19,"9369 Boul. Lasalle, LaSalle, QC, H8R 2M8",309,3,3.5
19,"9369 Boul. Lasalle, LaSalle, QC, H8R 2M8",310,3,3.5
19,"9369 Boul. Lasalle, LaSalle, QC, H8R 2M8",311,3,3.5
19,"9369 Boul. Lasalle, LaSalle, QC, H8R 2M8",312,4,4.5
19,"9369 Boul. Lasalle, LaSalle, QC, H8R 2M8",313,4,4.5
22,"10301 Boul Gouin O, Roxboro, QC, H8Y 1S1",101,4,4.5
22,"10301 Boul Gouin O, Roxboro, QC, H8Y 1S1",102,4,4.5
22,"10301 Boul Gouin O, Roxboro, QC, H8Y 1S1",104,3,3.5
22,"10301 Boul Gouin O, Roxboro, QC, H8Y 1S1",105,3,3.5
22,"10301 Boul Gouin O, Roxboro, QC, H8Y 1S1",106,3,3.5
22,"10301 Boul Gouin O, Roxboro, QC, H8Y 1S1",107,4,4.5
22,"10301 Boul Gouin O, Roxboro, QC, H8Y 1S1",108,4,4.5
22,"10301 Boul Gouin O, Roxboro, QC, H8Y 1S1",201,4,4.5
22,"10301 Boul Gouin O, Roxboro, QC, H8Y 1S1",202,4,4.5
22,"10301 Boul Gouin O, Roxboro, QC, H8Y 1S1",203,3,3.5P
22,"10301 Boul Gouin O, Roxboro, QC, H8Y 1S1",204,3,3.5
22,"10301 Boul Gouin O, Roxboro, QC, H8Y 1S1",205,3,3.5
22,"10301 Boul Gouin O, Roxboro, QC, H8Y 1S1",206,3,3.5
22,"10301 Boul Gouin O, Roxboro, QC, H8Y 1S1",207,4,4.5
22,"10301 Boul Gouin O, Roxboro, QC, H8Y 1S1",208,4,4.5
22,"10301 Boul Gouin O, Roxboro, QC, H8Y 1S1",301,4,4.5
22,"10301 Boul Gouin O, Roxboro, QC, H8Y 1S1",302,4,4.5
22,"10301 Boul Gouin O, Roxboro, QC, H8Y 1S1",303,3,3.5P
22,"10301 Boul Gouin O, Roxboro, QC, H8Y 1S1",304,3,3.5
22,"10301 Boul Gouin O, Roxboro, QC, H8Y 1S1",305,3,3.5
22,"10301 Boul Gouin O, Roxboro, QC, H8Y 1S1",306,3,3.5
22,"10301 Boul Gouin O, Roxboro, QC, H8Y 1S1",307,4,4.5
22,"10301 Boul Gouin O, Roxboro, QC, H8Y 1S1",308,4,4.5
22,"10301 Boul Gouin O, Roxboro, QC, H8Y 1S1",401,4,4.5
22,"10301 Boul Gouin O, Roxboro, QC, H8Y 1S1",402,4,4.5
22,"10301 Boul Gouin O, Roxboro, QC, H8Y 1S1",403,3,3.5P
22,"10301 Boul Gouin O, Roxboro, QC, H8Y 1S1",404,3,3.5
22,"10301 Boul Gouin O, Roxboro, QC, H8Y 1S1",405,3,3.5
22,"10301 Boul Gouin O, Roxboro, QC, H8Y 1S1",406,3,3.5
22,"10301 Boul Gouin O, Roxboro, QC, H8Y 1S1",407,4,4.5
22,"10301 Boul Gouin O, Roxboro, QC, H8Y 1S1",408,4,4.5
22,"10301 Boul Gouin O, Roxboro, QC, H8Y 1S1",501,4,4.5
22,"10301 Boul Gouin O, Roxboro, QC, H8Y 1S1",502,4,4.5
22,"10301 Boul Gouin O, Roxboro, QC, H8Y 1S1",503,3,3.5P
22,"10301 Boul Gouin O, Roxboro, QC, H8Y 1S1",504,3,3.5
22,"10301 Boul Gouin O, Roxboro, QC, H8Y 1S1",505,3,3.5
22,"10301 Boul Gouin O, Roxboro, QC, H8Y 1S1",506,3,3.5
22,"10301 Boul Gouin O, Roxboro, QC, H8Y 1S1",507,4,4.5
22,"10301 Boul Gouin O, Roxboro, QC, H8Y 1S1",508,4,4.5
22,"10301 Boul Gouin O, Roxboro, QC, H8Y 1S1",Antena PM,,?
22,"10301 Boul Gouin O, Roxboro, QC, H8Y 1S1",Antena VT,,?
22,"10309 Boul Gouin O, Roxboro, QC, H8Y 1S1",121,4,4.5
22,"10309 Boul Gouin O, Roxboro, QC, H8Y 1S1",122,4,4.5
22,"10309 Boul Gouin O, Roxboro, QC, H8Y 1S1",124,3,3.5
22,"10309 Boul Gouin O, Roxboro, QC, H8Y 1S1",125,3,3.5
22,"10309 Boul Gouin O, Roxboro, QC, H8Y 1S1",126,3,3.5
22,"10309 Boul Gouin O, Roxboro, QC, H8Y 1S1",127,4,4.5
22,"10309 Boul Gouin O, Roxboro, QC, H8Y 1S1",128,4,4.5
22,"10309 Boul Gouin O, Roxboro, QC, H8Y 1S1",221,4,4.5
22,"10309 Boul Gouin O, Roxboro, QC, H8Y 1S1",222,4,4.5
22,"10309 Boul Gouin O, Roxboro, QC, H8Y 1S1",223,3,3.5P
22,"10309 Boul Gouin O, Roxboro, QC, H8Y 1S1",224,3,3.5
22,"10309 Boul Gouin O, Roxboro, QC, H8Y 1S1",225,3,3.5
22,"10309 Boul Gouin O, Roxboro, QC, H8Y 1S1",226,3,3.5
22,"10309 Boul Gouin O, Roxboro, QC, H8Y 1S1",227,4,4.5
22,"10309 Boul Gouin O, Roxboro, QC, H8Y 1S1",228,4,4.5
22,"10309 Boul Gouin O, Roxboro, QC, H8Y 1S1",321,4,4.5
22,"10309 Boul Gouin O, Roxboro, QC, H8Y 1S1",322,4,4.5
22,"10309 Boul Gouin O, Roxboro, QC, H8Y 1S1",323,3,3.5P
22,"10309 Boul Gouin O, Roxboro, QC, H8Y 1S1",324,3,3.5
22,"10309 Boul Gouin O, Roxboro, QC, H8Y 1S1",325,3,3.5
22,"10309 Boul Gouin O, Roxboro, QC, H8Y 1S1",326,3,3.5
22,"10309 Boul Gouin O, Roxboro, QC, H8Y 1S1",327,4,4.5
22,"10309 Boul Gouin O, Roxboro, QC, H8Y 1S1",328,4,4.5
22,"10309 Boul Gouin O, Roxboro, QC, H8Y 1S1",421,4,4.5
22,"10309 Boul Gouin O, Roxboro, QC, H8Y 1S1",422,4,4.5
22,"10309 Boul Gouin O, Roxboro, QC, H8Y 1S1",423,3,3.5P
22,"10309 Boul Gouin O, Roxboro, QC, H8Y 1S1",424,3,3.5
22,"10309 Boul Gouin O, Roxboro, QC, H8Y 1S1",425,3,3.5
22,"10309 Boul Gouin O, Roxboro, QC, H8Y 1S1",426,3,3.5
22,"10309 Boul Gouin O, Roxboro, QC, H8Y 1S1",427,4,4.5
22,"10309 Boul Gouin O, Roxboro, QC, H8Y 1S1",428,4,4.5
22,"10309 Boul Gouin O, Roxboro, QC, H8Y 1S1",521,4,4.5
22,"10309 Boul Gouin O, Roxboro, QC, H8Y 1S1",522,4,4.5
22,"10309 Boul Gouin O, Roxboro, QC, H8Y 1S1",523,3,3.5P
22,"10309 Boul Gouin O, Roxboro, QC, H8Y 1S1",524,3,3.5
22,"10309 Boul Gouin O, Roxboro, QC, H8Y 1S1",525,3,3.5
22,"10309 Boul Gouin O, Roxboro, QC, H8Y 1S1",526,3,3.5
22,"10309 Boul Gouin O, Roxboro, QC, H8Y 1S1",527,4,4.5
22,"10309 Boul Gouin O, Roxboro, QC, H8Y 1S1",528,4,4.5
22,"10309 Boul Gouin O, Roxboro, QC, H8Y 1S1",Antena,,?
24,"7725 Ave. Trahan, Brossard, QC, J4W 2Y4",C101,4,4.5P
24,"7725 Ave. Trahan, Brossard, QC, J4W 2Y4",C102,4,4.5P
24,"7725 Ave. Trahan, Brossard, QC, J4W 2Y4",C103,4,4.5P
24,"7725 Ave. Trahan, Brossard, QC, J4W 2Y4",C104,3,3.5P
24,"7725 Ave. Trahan, Brossard, QC, J4W 2Y4",C105,2,2.5
24,"7725 Ave. Trahan, Brossard, QC, J4W 2Y4",C106,3,3.5L
24,"7725 Ave. Trahan, Brossard, QC, J4W 2Y4",C107,4,4.5
24,"7725 Ave. Trahan, Brossard, QC, J4W 2Y4",C108,4,4.5
24,"7725 Ave. Trahan, Brossard, QC, J4W 2Y4",C201,4,4.5P
24,"7725 Ave. Trahan, Brossard, QC, J4W 2Y4",C202,4,4.5P
24,"7725 Ave. Trahan, Brossard, QC, J4W 2Y4",C203,4,4.5P
24,"7725 Ave. Trahan, Brossard, QC, J4W 2Y4",C204,3,3.5P
24,"7725 Ave. Trahan, Brossard, QC, J4W 2Y4",C205,2,2.5
24,"7725 Ave. Trahan, Brossard, QC, J4W 2Y4",C206,3,3.5L
24,"7725 Ave. Trahan, Brossard, QC, J4W 2Y4",C207,4,4.5
24,"7725 Ave. Trahan, Brossard, QC, J4W 2Y4",C208,4,4.5
24,"7725 Ave. Trahan, Brossard, QC, J4W 2Y4",C301,4,4.5P
24,"7725 Ave. Trahan, Brossard, QC, J4W 2Y4",C302,4,4.5P
24,"7725 Ave. Trahan, Brossard, QC, J4W 2Y4",C303,4,4.5P
24,"7725 Ave. Trahan, Brossard, QC, J4W 2Y4",C304,3,3.5P
24,"7725 Ave. Trahan, Brossard, QC, J4W 2Y4",C305,2,2.5
24,"7725 Ave. Trahan, Brossard, QC, J4W 2Y4",C306,3,3.5L
24,"7725 Ave. Trahan, Brossard, QC, J4W 2Y4",C307,4,4.5
24,"7725 Ave. Trahan, Brossard, QC, J4W 2Y4",C308,4,4.5
24,"7725 Ave. Trahan, Brossard, QC, J4W 2Y4",C401,4,4.5P
24,"7725 Ave. Trahan, Brossard, QC, J4W 2Y4",C402,4,4.5
24,"7725 Ave. Trahan, Brossard, QC, J4W 2Y4",C403,4,4.5
24,"7725 Ave. Trahan, Brossard, QC, J4W 2Y4",C404,3,3.5P
24,"7725 Ave. Trahan, Brossard, QC, J4W 2Y4",C405,2,2.5
24,"7725 Ave. Trahan, Brossard, QC, J4W 2Y4",C406,3,3.5L
24,"7725 Ave. Trahan, Brossard, QC, J4W 2Y4",C407,4,4.5L
24,"7725 Ave. Trahan, Brossard, QC, J4W 2Y4",C408,4,4.5L
24,"7725 Ave. Trahan, Brossard, QC, J4W 2Y4",D101,4,4.5P
24,"7725 Ave. Trahan, Brossard, QC, J4W 2Y4",D102,4,4.5P
24,"7725 Ave. Trahan, Brossard, QC, J4W 2Y4",D103,3,3.5P
24,"7725 Ave. Trahan, Brossard, QC, J4W 2Y4",D104,4,4.5P
24,"7725 Ave. Trahan, Brossard, QC, J4W 2Y4",D105,3,3.5L
24,"7725 Ave. Trahan, Brossard, QC, J4W 2Y4",D106,2,2.5
24,"7725 Ave. Trahan, Brossard, QC, J4W 2Y4",D107,4,4.5
24,"7725 Ave. Trahan, Brossard, QC, J4W 2Y4",D108,4,4.5
24,"7725 Ave. Trahan, Brossard, QC, J4W 2Y4",D201,4,4.5P
24,"7725 Ave. Trahan, Brossard, QC, J4W 2Y4",D202,4,4.5P
24,"7725 Ave. Trahan, Brossard, QC, J4W 2Y4",D203,3,3.5
24,"7725 Ave. Trahan, Brossard, QC, J4W 2Y4",D204,4,4.5P
24,"7725 Ave. Trahan, Brossard, QC, J4W 2Y4",D205,3,3.5L
24,"7725 Ave. Trahan, Brossard, QC, J4W 2Y4",D206,2,2.5
24,"7725 Ave. Trahan, Brossard, QC, J4W 2Y4",D207,4,4.5
24,"7725 Ave. Trahan, Brossard, QC, J4W 2Y4",D208,4,4.5
24,"7725 Ave. Trahan, Brossard, QC, J4W 2Y4",D301,4,4.5P
24,"7725 Ave. Trahan, Brossard, QC, J4W 2Y4",D302,4,4.5P
24,"7725 Ave. Trahan, Brossard, QC, J4W 2Y4",D303,3,3.5P
24,"7725 Ave. Trahan, Brossard, QC, J4W 2Y4",D304,4,4.5P
24,"7725 Ave. Trahan, Brossard, QC, J4W 2Y4",D305,3,3.5L
24,"7725 Ave. Trahan, Brossard, QC, J4W 2Y4",D306,2,2.5
24,"7725 Ave. Trahan, Brossard, QC, J4W 2Y4",D307,4,4.5
24,"7725 Ave. Trahan, Brossard, QC, J4W 2Y4",D308,4,4.5
24,"7725 Ave. Trahan, Brossard, QC, J4W 2Y4",D401,4,4.5P
24,"7725 Ave. Trahan, Brossard, QC, J4W 2Y4",D402,4,4.5P
24,"7725 Ave. Trahan, Brossard, QC, J4W 2Y4",D403,3,3.5P
24,"7725 Ave. Trahan, Brossard, QC, J4W 2Y4",D404,4,4.5P
24,"7725 Ave. Trahan, Brossard, QC, J4W 2Y4",D405,3,3.5L
24,"7725 Ave. Trahan, Brossard, QC, J4W 2Y4",D406,2,2.5
24,"7725 Ave. Trahan, Brossard, QC, J4W 2Y4",D407,4,4.5L
24,"7725 Ave. Trahan, Brossard, QC, J4W 2Y4",D408,4,4.5L
24,"7775 Ave. Trahan, Brossard, QC, J4W 2Z5",A101,4,4.5P
24,"7775 Ave. Trahan, Brossard, QC, J4W 2Z5",A102,4,4.5P
24,"7775 Ave. Trahan, Brossard, QC, J4W 2Z5",A103,3,3.5P
24,"7775 Ave. Trahan, Brossard, QC, J4W 2Z5",A104,4,4.5P
24,"7775 Ave. Trahan, Brossard, QC, J4W 2Z5",A105,3,3.5L
24,"7775 Ave. Trahan, Brossard, QC, J4W 2Z5",A106,2,2.5
24,"7775 Ave. Trahan, Brossard, QC, J4W 2Z5",A107,4,4.5
24,"7775 Ave. Trahan, Brossard, QC, J4W 2Z5",A108,4,4.5
24,"7775 Ave. Trahan, Brossard, QC, J4W 2Z5",A201,4,4.5P
24,"7775 Ave. Trahan, Brossard, QC, J4W 2Z5",A202,4,4.5P
24,"7775 Ave. Trahan, Brossard, QC, J4W 2Z5",A203,3,3.5P
24,"7775 Ave. Trahan, Brossard, QC, J4W 2Z5",A204,4,4.5P
24,"7775 Ave. Trahan, Brossard, QC, J4W 2Z5",A205,3,3.5L
24,"7775 Ave. Trahan, Brossard, QC, J4W 2Z5",A206,2,2.5
24,"7775 Ave. Trahan, Brossard, QC, J4W 2Z5",A207,4,4.5
24,"7775 Ave. Trahan, Brossard, QC, J4W 2Z5",A208,4,4.5
24,"7775 Ave. Trahan, Brossard, QC, J4W 2Z5",A301,4,4.5P
24,"7775 Ave. Trahan, Brossard, QC, J4W 2Z5",A302,4,4.5P
24,"7775 Ave. Trahan, Brossard, QC, J4W 2Z5",A303,3,3.5P
24,"7775 Ave. Trahan, Brossard, QC, J4W 2Z5",A304,4,4.5
24,"7775 Ave. Trahan, Brossard, QC, J4W 2Z5",A305,3,3.5L
24,"7775 Ave. Trahan, Brossard, QC, J4W 2Z5",A306,2,2.5
24,"7775 Ave. Trahan, Brossard, QC, J4W 2Z5",A307,4,4.5
24,"7775 Ave. Trahan, Brossard, QC, J4W 2Z5",A308,4,4.5
24,"7775 Ave. Trahan, Brossard, QC, J4W 2Z5",A401,4,4.5P
24,"7775 Ave. Trahan, Brossard, QC, J4W 2Z5",A402,4,4.5P
24,"7775 Ave. Trahan, Brossard, QC, J4W 2Z5",A403,3,3.5P
24,"7775 Ave. Trahan, Brossard, QC, J4W 2Z5",A404,4,4.5P
24,"7775 Ave. Trahan, Brossard, QC, J4W 2Z5",A405,3,3.5L
24,"7775 Ave. Trahan, Brossard, QC, J4W 2Z5",A406,2,2.5
24,"7775 Ave. Trahan, Brossard, QC, J4W 2Z5",A407,4,4.5L
24,"7775 Ave. Trahan, Brossard, QC, J4W 2Z5",A408,4,4.5L
24,"7775 Ave. Trahan, Brossard, QC, J4W 2Z5",B101,4,4.5P
24,"7775 Ave. Trahan, Brossard, QC, J4W 2Z5",B102,4,4.5
24,"7775 Ave. Trahan, Brossard, QC, J4W 2Z5",B103,3,3.5P
24,"7775 Ave. Trahan, Brossard, QC, J4W 2Z5",B104,4,4.5P
24,"7775 Ave. Trahan, Brossard, QC, J4W 2Z5",B105,3,3.5L
24,"7775 Ave. Trahan, Brossard, QC, J4W 2Z5",B106,2,2.5
24,"7775 Ave. Trahan, Brossard, QC, J4W 2Z5",B107,4,4.5
24,"7775 Ave. Trahan, Brossard, QC, J4W 2Z5",B108,4,4.5
24,"7775 Ave. Trahan, Brossard, QC, J4W 2Z5",B201,4,4.5P
24,"7775 Ave. Trahan, Brossard, QC, J4W 2Z5",B202,4,4.5P
24,"7775 Ave. Trahan, Brossard, QC, J4W 2Z5",B203,3,3.5P
24,"7775 Ave. Trahan, Brossard, QC, J4W 2Z5",B204,4,4.5P
24,"7775 Ave. Trahan, Brossard, QC, J4W 2Z5",B205,3,3.5L
24,"7775 Ave. Trahan, Brossard, QC, J4W 2Z5",B206,2,2.5
24,"7775 Ave. Trahan, Brossard, QC, J4W 2Z5",B207,4,4.5
24,"7775 Ave. Trahan, Brossard, QC, J4W 2Z5",B208,4,4.5
24,"7775 Ave. Trahan, Brossard, QC, J4W 2Z5",B301,4,4.5P
24,"7775 Ave. Trahan, Brossard, QC, J4W 2Z5",B302,4,4.5P
24,"7775 Ave. Trahan, Brossard, QC, J4W 2Z5",B303,3,3.5P
24,"7775 Ave. Trahan, Brossard, QC, J4W 2Z5",B304,4,4.5P
24,"7775 Ave. Trahan, Brossard, QC, J4W 2Z5",B305,3,3.5L
24,"7775 Ave. Trahan, Brossard, QC, J4W 2Z5",B306,2,2.5
24,"7775 Ave. Trahan, Brossard, QC, J4W 2Z5",B307,4,4.5
24,"7775 Ave. Trahan, Brossard, QC, J4W 2Z5",B308,4,4.5
24,"7775 Ave. Trahan, Brossard, QC, J4W 2Z5",B401,4,4.5P
24,"7775 Ave. Trahan, Brossard, QC, J4W 2Z5",B402,4,4.5P
24,"7775 Ave. Trahan, Brossard, QC, J4W 2Z5",B403,3,3.5P
24,"7775 Ave. Trahan, Brossard, QC, J4W 2Z5",B404,4,4.5P
24,"7775 Ave. Trahan, Brossard, QC, J4W 2Z5",B405,3,3.5L
24,"7775 Ave. Trahan, Brossard, QC, J4W 2Z5",B406,2,2.5
24,"7775 Ave. Trahan, Brossard, QC, J4W 2Z5",B407,4,4.5L
24,"7775 Ave. Trahan, Brossard, QC, J4W 2Z5",B408,4,4.5L
26,"8480 Rue Jean-Brillon, LaSalle, QC, H8N 2P6",102,5,5.5
26,"8480 Rue Jean-Brillon, LaSalle, QC, H8N 2P6",103,1,1.5
26,"8480 Rue Jean-Brillon, LaSalle, QC, H8N 2P6",104,3,3.5
26,"8480 Rue Jean-Brillon, LaSalle, QC, H8N 2P6",105,3,3.5
26,"8480 Rue Jean-Brillon, LaSalle, QC, H8N 2P6",106,3,3.5
26,"8480 Rue Jean-Brillon, LaSalle, QC, H8N 2P6",107,4,4.5
26,"8480 Rue Jean-Brillon, LaSalle, QC, H8N 2P6",108,4,4.5
26,"8480 Rue Jean-Brillon, LaSalle, QC, H8N 2P6",109,3,3.5
26,"8480 Rue Jean-Brillon, LaSalle, QC, H8N 2P6",110,3,3.5
26,"8480 Rue Jean-Brillon, LaSalle, QC, H8N 2P6",111,4,4.5
26,"8480 Rue Jean-Brillon, LaSalle, QC, H8N 2P6",112,4,4.5
26,"8480 Rue Jean-Brillon, LaSalle, QC, H8N 2P6",201,5,5.5
26,"8480 Rue Jean-Brillon, LaSalle, QC, H8N 2P6",202,5,5.5
26,"8480 Rue Jean-Brillon, LaSalle, QC, H8N 2P6",203,1,1.5
26,"8480 Rue Jean-Brillon, LaSalle, QC, H8N 2P6",204,3,3.5
26,"8480 Rue Jean-Brillon, LaSalle, QC, H8N 2P6",205,3,3.5
26,"8480 Rue Jean-Brillon, LaSalle, QC, H8N 2P6",206,3,3.5
26,"8480 Rue Jean-Brillon, LaSalle, QC, H8N 2P6",207,4,4.5
26,"8480 Rue Jean-Brillon, LaSalle, QC, H8N 2P6",208,4,4.5
26,"8480 Rue Jean-Brillon, LaSalle, QC, H8N 2P6",209,3,3.5
26,"8480 Rue Jean-Brillon, LaSalle, QC, H8N 2P6",210,3,3.5
26,"8480 Rue Jean-Brillon, LaSalle, QC, H8N 2P6",211,5,5.5
26,"8480 Rue Jean-Brillon, LaSalle, QC, H8N 2P6",212,5,5.5
26,"8480 Rue Jean-Brillon, LaSalle, QC, H8N 2P6",301,5,5.5
26,"8480 Rue Jean-Brillon, LaSalle, QC, H8N 2P6",302,5,5.5
26,"8480 Rue Jean-Brillon, LaSalle, QC, H8N 2P6",303,1,1.5
26,"8480 Rue Jean-Brillon, LaSalle, QC, H8N 2P6",304,3,3.5
26,"8480 Rue Jean-Brillon, LaSalle, QC, H8N 2P6",305,3,3.5
26,"8480 Rue Jean-Brillon, LaSalle, QC, H8N 2P6",306,3,3.5
26,"8480 Rue Jean-Brillon, LaSalle, QC, H8N 2P6",307,4,4.5
26,"8480 Rue Jean-Brillon, LaSalle, QC, H8N 2P6",308,4,4.5
26,"8480 Rue Jean-Brillon, LaSalle, QC, H8N 2P6",309,3,3.5
26,"8480 Rue Jean-Brillon, LaSalle, QC, H8N 2P6",310,3,3.5
26,"8480 Rue Jean-Brillon, LaSalle, QC, H8N 2P6",311,5,5.5
26,"8480 Rue Jean-Brillon, LaSalle, QC, H8N 2P6",312,5,5.5
26,"8480 Rue Jean-Brillon, LaSalle, QC, H8N 2P6",401,5,5.5
26,"8480 Rue Jean-Brillon, LaSalle, QC, H8N 2P6",402,5,5.5
26,"8480 Rue Jean-Brillon, LaSalle, QC, H8N 2P6",403,1,1.5
26,"8480 Rue Jean-Brillon, LaSalle, QC, H8N 2P6",404,3,3.5
26,"8480 Rue Jean-Brillon, LaSalle, QC, H8N 2P6",405,3,3.5
26,"8480 Rue Jean-Brillon, LaSalle, QC, H8N 2P6",406,3,3.5
26,"8480 Rue Jean-Brillon, LaSalle, QC, H8N 2P6",407,4,4.5
26,"8480 Rue Jean-Brillon, LaSalle, QC, H8N 2P6",408,4,4.5
26,"8480 Rue Jean-Brillon, LaSalle, QC, H8N 2P6",409,3,3.5
26,"8480 Rue Jean-Brillon, LaSalle, QC, H8N 2P6",410,3,3.5
26,"8480 Rue Jean-Brillon, LaSalle, QC, H8N 2P6",411,5,5.5
26,"8480 Rue Jean-Brillon, LaSalle, QC, H8N 2P6",412,5,5.5
26,"8480 Rue Jean-Brillon, LaSalle, QC, H8N 2P6",501,5,5.5
26,"8480 Rue Jean-Brillon, LaSalle, QC, H8N 2P6",502,5,5.5
26,"8480 Rue Jean-Brillon, LaSalle, QC, H8N 2P6",503,1,1.5
26,"8480 Rue Jean-Brillon, LaSalle, QC, H8N 2P6",504,3,3.5
26,"8480 Rue Jean-Brillon, LaSalle, QC, H8N 2P6",505,3,3.5
26,"8480 Rue Jean-Brillon, LaSalle, QC, H8N 2P6",506,3,3.5
26,"8480 Rue Jean-Brillon, LaSalle, QC, H8N 2P6",507,4,4.5
26,"8480 Rue Jean-Brillon, LaSalle, QC, H8N 2P6",508,4,4.5
26,"8480 Rue Jean-Brillon, LaSalle, QC, H8N 2P6",509,3,3.5
26,"8480 Rue Jean-Brillon, LaSalle, QC, H8N 2P6",510,3,3.5
26,"8480 Rue Jean-Brillon, LaSalle, QC, H8N 2P6",511,5,5.5
26,"8480 Rue Jean-Brillon, LaSalle, QC, H8N 2P6",512,5,5.5
26,"8480 Rue Jean-Brillon, LaSalle, QC, H8N 2P6",Vending Machine,,?
26,"8490 Rue Jean-Brillon, LaSalle, QC, H8N 2P7",102,5,5.5
26,"8490 Rue Jean-Brillon, LaSalle, QC, H8N 2P7",103,1,1.5
26,"8490 Rue Jean-Brillon, LaSalle, QC, H8N 2P7",104,3,3.5
26,"8490 Rue Jean-Brillon, LaSalle, QC, H8N 2P7",105,3,3.5
26,"8490 Rue Jean-Brillon, LaSalle, QC, H8N 2P7",106,3,3.5
26,"8490 Rue Jean-Brillon, LaSalle, QC, H8N 2P7",107,4,4.5
26,"8490 Rue Jean-Brillon, LaSalle, QC, H8N 2P7",108,4,4.5
26,"8490 Rue Jean-Brillon, LaSalle, QC, H8N 2P7",109,2,2.5
26,"8490 Rue Jean-Brillon, LaSalle, QC, H8N 2P7",110,3,3.5
26,"8490 Rue Jean-Brillon, LaSalle, QC, H8N 2P7",111,3,3.5
26,"8490 Rue Jean-Brillon, LaSalle, QC, H8N 2P7",112,3,3.5
26,"8490 Rue Jean-Brillon, LaSalle, QC, H8N 2P7",114,4,4.5
26,"8490 Rue Jean-Brillon, LaSalle, QC, H8N 2P7",115,4,4.5
26,"8490 Rue Jean-Brillon, LaSalle, QC, H8N 2P7",116,4,4.5
26,"8490 Rue Jean-Brillon, LaSalle, QC, H8N 2P7",117,4,4.5
26,"8490 Rue Jean-Brillon, LaSalle, QC, H8N 2P7",201,5,5.5
26,"8490 Rue Jean-Brillon, LaSalle, QC, H8N 2P7",202,5,5.5
26,"8490 Rue Jean-Brillon, LaSalle, QC, H8N 2P7",203,1,1.5
26,"8490 Rue Jean-Brillon, LaSalle, QC, H8N 2P7",204,3,3.5
26,"8490 Rue Jean-Brillon, LaSalle, QC, H8N 2P7",205,3,3.5
26,"8490 Rue Jean-Brillon, LaSalle, QC, H8N 2P7",206,3,3.5
26,"8490 Rue Jean-Brillon, LaSalle, QC, H8N 2P7",207,4,4.5
26,"8490 Rue Jean-Brillon, LaSalle, QC, H8N 2P7",208,4,4.5
26,"8490 Rue Jean-Brillon, LaSalle, QC, H8N 2P7",209,2,2.5
26,"8490 Rue Jean-Brillon, LaSalle, QC, H8N 2P7",210,3,3.5P
26,"8490 Rue Jean-Brillon, LaSalle, QC, H8N 2P7",211,3,3.5
26,"8490 Rue Jean-Brillon, LaSalle, QC, H8N 2P7",212,3,3.5
26,"8490 Rue Jean-Brillon, LaSalle, QC, H8N 2P7",214,4,4.5
26,"8490 Rue Jean-Brillon, LaSalle, QC, H8N 2P7",215,4,4.5
26,"8490 Rue Jean-Brillon, LaSalle, QC, H8N 2P7",216,5,5.5
26,"8490 Rue Jean-Brillon, LaSalle, QC, H8N 2P7",217,5,5.5
26,"8490 Rue Jean-Brillon, LaSalle, QC, H8N 2P7",301,5,5.5
26,"8490 Rue Jean-Brillon, LaSalle, QC, H8N 2P7",302,5,5.5
26,"8490 Rue Jean-Brillon, LaSalle, QC, H8N 2P7",303,1,1.5
26,"8490 Rue Jean-Brillon, LaSalle, QC, H8N 2P7",304,3,3.5
26,"8490 Rue Jean-Brillon, LaSalle, QC, H8N 2P7",305,3,3.5
26,"8490 Rue Jean-Brillon, LaSalle, QC, H8N 2P7",306,3,3.5
26,"8490 Rue Jean-Brillon, LaSalle, QC, H8N 2P7",307,4,4.5
26,"8490 Rue Jean-Brillon, LaSalle, QC, H8N 2P7",308,4,4.5
26,"8490 Rue Jean-Brillon, LaSalle, QC, H8N 2P7",309,2,2.5
26,"8490 Rue Jean-Brillon, LaSalle, QC, H8N 2P7",310,3,3.5P
26,"8490 Rue Jean-Brillon, LaSalle, QC, H8N 2P7",311,3,3.5
26,"8490 Rue Jean-Brillon, LaSalle, QC, H8N 2P7",312,3,3.5
26,"8490 Rue Jean-Brillon, LaSalle, QC, H8N 2P7",314,4,4.5
26,"8490 Rue Jean-Brillon, LaSalle, QC, H8N 2P7",315,4,4.5
26,"8490 Rue Jean-Brillon, LaSalle, QC, H8N 2P7",316,5,5.5
26,"8490 Rue Jean-Brillon, LaSalle, QC, H8N 2P7",317,5,5.5
26,"8490 Rue Jean-Brillon, LaSalle, QC, H8N 2P7",401,5,5.5
26,"8490 Rue Jean-Brillon, LaSalle, QC, H8N 2P7",402,5,5.5
26,"8490 Rue Jean-Brillon, LaSalle, QC, H8N 2P7",403,1,1.5
26,"8490 Rue Jean-Brillon, LaSalle, QC, H8N 2P7",404,3,3.5
26,"8490 Rue Jean-Brillon, LaSalle, QC, H8N 2P7",405,3,3.5
26,"8490 Rue Jean-Brillon, LaSalle, QC, H8N 2P7",406,3,3.5
26,"8490 Rue Jean-Brillon, LaSalle, QC, H8N 2P7",407,4,4.5
26,"8490 Rue Jean-Brillon, LaSalle, QC, H8N 2P7",408,4,4.5
26,"8490 Rue Jean-Brillon, LaSalle, QC, H8N 2P7",409,2,2.5
26,"8490 Rue Jean-Brillon, LaSalle, QC, H8N 2P7",410,3,3.5P
26,"8490 Rue Jean-Brillon, LaSalle, QC, H8N 2P7",411,3,3.5
26,"8490 Rue Jean-Brillon, LaSalle, QC, H8N 2P7",412,3,3.5
26,"8490 Rue Jean-Brillon, LaSalle, QC, H8N 2P7",414,4,4.5
26,"8490 Rue Jean-Brillon, LaSalle, QC, H8N 2P7",415,4,4.5
26,"8490 Rue Jean-Brillon, LaSalle, QC, H8N 2P7",416,5,5.5
26,"8490 Rue Jean-Brillon, LaSalle, QC, H8N 2P7",417,5,5.5
26,"8490 Rue Jean-Brillon, LaSalle, QC, H8N 2P7",501,5,5.5
26,"8490 Rue Jean-Brillon, LaSalle, QC, H8N 2P7",502,5,5.5
26,"8490 Rue Jean-Brillon, LaSalle, QC, H8N 2P7",503,1,1.5
26,"8490 Rue Jean-Brillon, LaSalle, QC, H8N 2P7",504,3,3.5
26,"8490 Rue Jean-Brillon, LaSalle, QC, H8N 2P7",505,3,3.5
26,"8490 Rue Jean-Brillon, LaSalle, QC, H8N 2P7",506,3,3.5
26,"8490 Rue Jean-Brillon, LaSalle, QC, H8N 2P7",507,4,4.5
26,"8490 Rue Jean-Brillon, LaSalle, QC, H8N 2P7",508,4,4.5
26,"8490 Rue Jean-Brillon, LaSalle, QC, H8N 2P7",509,2,2.5
26,"8490 Rue Jean-Brillon, LaSalle, QC, H8N 2P7",510,3,3.5P
26,"8490 Rue Jean-Brillon, LaSalle, QC, H8N 2P7",511,3,3.5
26,"8490 Rue Jean-Brillon, LaSalle, QC, H8N 2P7",512,3,3.5
26,"8490 Rue Jean-Brillon, LaSalle, QC, H8N 2P7",514,4,4.5
26,"8490 Rue Jean-Brillon, LaSalle, QC, H8N 2P7",515,4,4.5
26,"8490 Rue Jean-Brillon, LaSalle, QC, H8N 2P7",516,5,5.5
26,"8490 Rue Jean-Brillon, LaSalle, QC, H8N 2P7",517,5,5.5
26,"8490 Rue Jean-Brillon, LaSalle, QC, H8N 2P7",601,5,5.5
26,"8490 Rue Jean-Brillon, LaSalle, QC, H8N 2P7",602,5,5.5
26,"8490 Rue Jean-Brillon, LaSalle, QC, H8N 2P7",603,1,1.5
26,"8490 Rue Jean-Brillon, LaSalle, QC, H8N 2P7",604,3,3.5
26,"8490 Rue Jean-Brillon, LaSalle, QC, H8N 2P7",605,3,3.5
26,"8490 Rue Jean-Brillon, LaSalle, QC, H8N 2P7",606,3,3.5
26,"8490 Rue Jean-Brillon, LaSalle, QC, H8N 2P7",607,4,4.5
26,"8490 Rue Jean-Brillon, LaSalle, QC, H8N 2P7",608,4,4.5
26,"8490 Rue Jean-Brillon, LaSalle, QC, H8N 2P7",609,2,2.5
26,"8490 Rue Jean-Brillon, LaSalle, QC, H8N 2P7",610,3,3.5P
26,"8490 Rue Jean-Brillon, LaSalle, QC, H8N 2P7",611,3,3.5
26,"8490 Rue Jean-Brillon, LaSalle, QC, H8N 2P7",612,3,3.5
26,"8490 Rue Jean-Brillon, LaSalle, QC, H8N 2P7",614,4,4.5
26,"8490 Rue Jean-Brillon, LaSalle, QC, H8N 2P7",615,4,4.5
26,"8490 Rue Jean-Brillon, LaSalle, QC, H8N 2P7",616,5,5.5
26,"8490 Rue Jean-Brillon, LaSalle, QC, H8N 2P7",617,5,5.5
26,"8490 Rue Jean-Brillon, LaSalle, QC, H8N 2P7",Antena,,?
28,"189 Boul. Bishop-Power, LaSalle, QC, H8P 2P5",1,3,3.5
28,"189 Boul. Bishop-Power, LaSalle, QC, H8P 2P5",3,4,4.5
28,"189 Boul. Bishop-Power, LaSalle, QC, H8P 2P5",5,4,4.5
28,"189 Boul. Bishop-Power, LaSalle, QC, H8P 2P5",7,4,4.5
28,"189 Boul. Bishop-Power, LaSalle, QC, H8P 2P5",101,2,2.5
28,"189 Boul. Bishop-Power, LaSalle, QC, H8P 2P5",103,4,4.5
28,"189 Boul. Bishop-Power, LaSalle, QC, H8P 2P5",105,2,2.5
28,"189 Boul. Bishop-Power, LaSalle, QC, H8P 2P5",107,3,3.5
28,"189 Boul. Bishop-Power, LaSalle, QC, H8P 2P5",109,4,4.5
28,"189 Boul. Bishop-Power, LaSalle, QC, H8P 2P5",111,4,4.5
28,"189 Boul. Bishop-Power, LaSalle, QC, H8P 2P5",113,3,3.5
28,"189 Boul. Bishop-Power, LaSalle, QC, H8P 2P5",115,2,2.5
28,"189 Boul. Bishop-Power, LaSalle, QC, H8P 2P5",117,4,4.5
28,"189 Boul. Bishop-Power, LaSalle, QC, H8P 2P5",119,4,4.5
28,"189 Boul. Bishop-Power, LaSalle, QC, H8P 2P5",121,4,4.5
28,"189 Boul. Bishop-Power, LaSalle, QC, H8P 2P5",123,4,4.5
28,"189 Boul. Bishop-Power, LaSalle, QC, H8P 2P5",125,4,4.5
28,"189 Boul. Bishop-Power, LaSalle, QC, H8P 2P5",127,4,4.5
28,"189 Boul. Bishop-Power, LaSalle, QC, H8P 2P5",201,2,2.5
28,"189 Boul. Bishop-Power, LaSalle, QC, H8P 2P5",203,4,4.5
28,"189 Boul. Bishop-Power, LaSalle, QC, H8P 2P5",205,2,2.5
28,"189 Boul. Bishop-Power, LaSalle, QC, H8P 2P5",207,3,3.5
28,"189 Boul. Bishop-Power, LaSalle, QC, H8P 2P5",209,4,4.5
28,"189 Boul. Bishop-Power, LaSalle, QC, H8P 2P5",211,4,4.5
28,"189 Boul. Bishop-Power, LaSalle, QC, H8P 2P5",213,3,3.5
28,"189 Boul. Bishop-Power, LaSalle, QC, H8P 2P5",215,3,3.5
28,"189 Boul. Bishop-Power, LaSalle, QC, H8P 2P5",217,4,4.5
28,"189 Boul. Bishop-Power, LaSalle, QC, H8P 2P5",219,4,4.5
28,"189 Boul. Bishop-Power, LaSalle, QC, H8P 2P5",221,4,4.5
28,"189 Boul. Bishop-Power, LaSalle, QC, H8P 2P5",223,4,4.5
28,"189 Boul. Bishop-Power, LaSalle, QC, H8P 2P5",225,4,4.5
28,"189 Boul. Bishop-Power, LaSalle, QC, H8P 2P5",227,4,4.5
28,"189 Boul. Bishop-Power, LaSalle, QC, H8P 2P5",301,2,2.5
28,"189 Boul. Bishop-Power, LaSalle, QC, H8P 2P5",303,4,4.5
28,"189 Boul. Bishop-Power, LaSalle, QC, H8P 2P5",305,2,2.5
28,"189 Boul. Bishop-Power, LaSalle, QC, H8P 2P5",307,3,3.5
28,"189 Boul. Bishop-Power, LaSalle, QC, H8P 2P5",309,4,4.5
28,"189 Boul. Bishop-Power, LaSalle, QC, H8P 2P5",311,4,4.5
28,"189 Boul. Bishop-Power, LaSalle, QC, H8P 2P5",313,3,3.5
28,"189 Boul. Bishop-Power, LaSalle, QC, H8P 2P5",315,3,3.5
28,"189 Boul. Bishop-Power, LaSalle, QC, H8P 2P5",317,4,4.5
28,"189 Boul. Bishop-Power, LaSalle, QC, H8P 2P5",319,4,4.5
28,"189 Boul. Bishop-Power, LaSalle, QC, H8P 2P5",321,4,4.5
28,"189 Boul. Bishop-Power, LaSalle, QC, H8P 2P5",323,4,4.5
28,"189 Boul. Bishop-Power, LaSalle, QC, H8P 2P5",325,4,4.5
28,"189 Boul. Bishop-Power, LaSalle, QC, H8P 2P5",327,4,4.5
28,"229 Boul. Bishop-Power, LaSalle, QC, H8P 2P6",2,4,4.5
28,"229 Boul. Bishop-Power, LaSalle, QC, H8P 2P6",4,2,2.5
28,"229 Boul. Bishop-Power, LaSalle, QC, H8P 2P6",6,4,4.5
28,"229 Boul. Bishop-Power, LaSalle, QC, H8P 2P6",8,2,2.5
28,"229 Boul. Bishop-Power, LaSalle, QC, H8P 2P6",102,4,4.5
28,"229 Boul. Bishop-Power, LaSalle, QC, H8P 2P6",104,4,4.5
28,"229 Boul. Bishop-Power, LaSalle, QC, H8P 2P6",106,4,4.5
28,"229 Boul. Bishop-Power, LaSalle, QC, H8P 2P6",108,4,4.5
28,"229 Boul. Bishop-Power, LaSalle, QC, H8P 2P6",110,4,4.5
28,"229 Boul. Bishop-Power, LaSalle, QC, H8P 2P6",112,4,4.5
28,"229 Boul. Bishop-Power, LaSalle, QC, H8P 2P6",114,2,2.5
28,"229 Boul. Bishop-Power, LaSalle, QC, H8P 2P6",116,4,4.5
28,"229 Boul. Bishop-Power, LaSalle, QC, H8P 2P6",118,2,2.5
28,"229 Boul. Bishop-Power, LaSalle, QC, H8P 2P6",120,4,4.5
28,"229 Boul. Bishop-Power, LaSalle, QC, H8P 2P6",122,4,4.5
28,"229 Boul. Bishop-Power, LaSalle, QC, H8P 2P6",124,3,3.5
28,"229 Boul. Bishop-Power, LaSalle, QC, H8P 2P6",126,3,3.5
28,"229 Boul. Bishop-Power, LaSalle, QC, H8P 2P6",128,4,4.5
28,"229 Boul. Bishop-Power, LaSalle, QC, H8P 2P6",130,4,4.5
28,"229 Boul. Bishop-Power, LaSalle, QC, H8P 2P6",132,4,4.5
28,"229 Boul. Bishop-Power, LaSalle, QC, H8P 2P6",202,4,4.5
28,"229 Boul. Bishop-Power, LaSalle, QC, H8P 2P6",204,4,4.5
28,"229 Boul. Bishop-Power, LaSalle, QC, H8P 2P6",206,4,4.5
28,"229 Boul. Bishop-Power, LaSalle, QC, H8P 2P6",208,4,4.5
28,"229 Boul. Bishop-Power, LaSalle, QC, H8P 2P6",210,4,4.5
28,"229 Boul. Bishop-Power, LaSalle, QC, H8P 2P6",212,4,4.5
28,"229 Boul. Bishop-Power, LaSalle, QC, H8P 2P6",214,3,3.5
28,"229 Boul. Bishop-Power, LaSalle, QC, H8P 2P6",216,4,4.5
28,"229 Boul. Bishop-Power, LaSalle, QC, H8P 2P6",218,2,2.5
28,"229 Boul. Bishop-Power, LaSalle, QC, H8P 2P6",220,4,4.5
28,"229 Boul. Bishop-Power, LaSalle, QC, H8P 2P6",222,4,4.5
28,"229 Boul. Bishop-Power, LaSalle, QC, H8P 2P6",224,3,3.5
28,"229 Boul. Bishop-Power, LaSalle, QC, H8P 2P6",226,4,4.5
28,"229 Boul. Bishop-Power, LaSalle, QC, H8P 2P6",228,4,4.5
28,"229 Boul. Bishop-Power, LaSalle, QC, H8P 2P6",230,4,4.5
28,"229 Boul. Bishop-Power, LaSalle, QC, H8P 2P6",232,4,4.5
28,"229 Boul. Bishop-Power, LaSalle, QC, H8P 2P6",302,4,4.5
28,"229 Boul. Bishop-Power, LaSalle, QC, H8P 2P6",304,4,4.5
28,"229 Boul. Bishop-Power, LaSalle, QC, H8P 2P6",306,4,4.5
28,"229 Boul. Bishop-Power, LaSalle, QC, H8P 2P6",308,4,4.5
28,"229 Boul. Bishop-Power, LaSalle, QC, H8P 2P6",310,4,4.5
28,"229 Boul. Bishop-Power, LaSalle, QC, H8P 2P6",312,4,4.5
28,"229 Boul. Bishop-Power, LaSalle, QC, H8P 2P6",314,3,3.5
28,"229 Boul. Bishop-Power, LaSalle, QC, H8P 2P6",316,4,4.5
28,"229 Boul. Bishop-Power, LaSalle, QC, H8P 2P6",318,2,2.5
28,"229 Boul. Bishop-Power, LaSalle, QC, H8P 2P6",320,4,4.5
28,"229 Boul. Bishop-Power, LaSalle, QC, H8P 2P6",322,4,4.5
28,"229 Boul. Bishop-Power, LaSalle, QC, H8P 2P6",324,3,3.5
28,"229 Boul. Bishop-Power, LaSalle, QC, H8P 2P6",326,3,3.5
28,"229 Boul. Bishop-Power, LaSalle, QC, H8P 2P6",328,4,4.5
28,"229 Boul. Bishop-Power, LaSalle, QC, H8P 2P6",330,4,4.5
28,"229 Boul. Bishop-Power, LaSalle, QC, H8P 2P6",332,4,4.5
30,"1669 Rue Ringuet, St Bruno, QC, J3V 2Y5",101,3,3.5
30,"1669 Rue Ringuet, St Bruno, QC, J3V 2Y5",102,3,3.5
30,"1669 Rue Ringuet, St Bruno, QC, J3V 2Y5",103,4,4.5
30,"1669 Rue Ringuet, St Bruno, QC, J3V 2Y5",106,4,4.5
30,"1669 Rue Ringuet, St Bruno, QC, J3V 2Y5",107,3,3.5
30,"1669 Rue Ringuet, St Bruno, QC, J3V 2Y5",108,3,3.5
30,"1669 Rue Ringuet, St Bruno, QC, J3V 2Y5",110,3,3.5
30,"1669 Rue Ringuet, St Bruno, QC, J3V 2Y5",111,4,4.5
30,"1669 Rue Ringuet, St Bruno, QC, J3V 2Y5",112,5,5.5
30,"1669 Rue Ringuet, St Bruno, QC, J3V 2Y5",113,5,5.5
30,"1669 Rue Ringuet, St Bruno, QC, J3V 2Y5",114,4,4.5
30,"1669 Rue Ringuet, St Bruno, QC, J3V 2Y5",115,3,3.5
30,"1669 Rue Ringuet, St Bruno, QC, J3V 2Y5",201,4,4.5
30,"1669 Rue Ringuet, St Bruno, QC, J3V 2Y5",202,3,3.5
30,"1669 Rue Ringuet, St Bruno, QC, J3V 2Y5",203,4,4.5
30,"1669 Rue Ringuet, St Bruno, QC, J3V 2Y5",204,5,5.5
30,"1669 Rue Ringuet, St Bruno, QC, J3V 2Y5",205,5,5.5
30,"1669 Rue Ringuet, St Bruno, QC, J3V 2Y5",206,4,4.5
30,"1669 Rue Ringuet, St Bruno, QC, J3V 2Y5",207,3,3.5
30,"1669 Rue Ringuet, St Bruno, QC, J3V 2Y5",208,4,4.5
30,"1669 Rue Ringuet, St Bruno, QC, J3V 2Y5",209,4,4.5
30,"1669 Rue Ringuet, St Bruno, QC, J3V 2Y5",210,3,3.5
30,"1669 Rue Ringuet, St Bruno, QC, J3V 2Y5",211,4,4.5
30,"1669 Rue Ringuet, St Bruno, QC, J3V 2Y5",212,5,5.5
30,"1669 Rue Ringuet, St Bruno, QC, J3V 2Y5",213,5,5.5
30,"1669 Rue Ringuet, St Bruno, QC, J3V 2Y5",214,4,4.5
30,"1669 Rue Ringuet, St Bruno, QC, J3V 2Y5",215,3,3.5
30,"1669 Rue Ringuet, St Bruno, QC, J3V 2Y5",216,4,4.5
30,"1669 Rue Ringuet, St Bruno, QC, J3V 2Y5",301,4,4.5
30,"1669 Rue Ringuet, St Bruno, QC, J3V 2Y5",302,3,3.5
30,"1669 Rue Ringuet, St Bruno, QC, J3V 2Y5",303,4,4.5
30,"1669 Rue Ringuet, St Bruno, QC, J3V 2Y5",304,5,5.5
30,"1669 Rue Ringuet, St Bruno, QC, J3V 2Y5",305,5,5.5
30,"1669 Rue Ringuet, St Bruno, QC, J3V 2Y5",306,4,4.5
30,"1669 Rue Ringuet, St Bruno, QC, J3V 2Y5",307,3,3.5
30,"1669 Rue Ringuet, St Bruno, QC, J3V 2Y5",308,4,4.5
30,"1669 Rue Ringuet, St Bruno, QC, J3V 2Y5",309,4,4.5
30,"1669 Rue Ringuet, St Bruno, QC, J3V 2Y5",310,3,3.5
30,"1669 Rue Ringuet, St Bruno, QC, J3V 2Y5",311,4,4.5
30,"1669 Rue Ringuet, St Bruno, QC, J3V 2Y5",312,5,5.5
30,"1669 Rue Ringuet, St Bruno, QC, J3V 2Y5",313,5,5.5
30,"1669 Rue Ringuet, St Bruno, QC, J3V 2Y5",314,4,4.5
30,"1669 Rue Ringuet, St Bruno, QC, J3V 2Y5",315,3,3.5
30,"1669 Rue Ringuet, St Bruno, QC, J3V 2Y5",316,4,4.5
30,"1669 Rue Ringuet, St Bruno, QC, J3V 2Y5",401,4,4.5
30,"1669 Rue Ringuet, St Bruno, QC, J3V 2Y5",402,3,3.5
30,"1669 Rue Ringuet, St Bruno, QC, J3V 2Y5",403,4,4.5
30,"1669 Rue Ringuet, St Bruno, QC, J3V 2Y5",404,5,5.5
30,"1669 Rue Ringuet, St Bruno, QC, J3V 2Y5",405,5,5.5
30,"1669 Rue Ringuet, St Bruno, QC, J3V 2Y5",406,4,4.5
30,"1669 Rue Ringuet, St Bruno, QC, J3V 2Y5",407,3,3.5
30,"1669 Rue Ringuet, St Bruno, QC, J3V 2Y5",408,4,4.5
30,"1669 Rue Ringuet, St Bruno, QC, J3V 2Y5",409,4,4.5
30,"1669 Rue Ringuet, St Bruno, QC, J3V 2Y5",410,3,3.5
30,"1669 Rue Ringuet, St Bruno, QC, J3V 2Y5",411,4,4.5
30,"1669 Rue Ringuet, St Bruno, QC, J3V 2Y5",412,5,5.5
30,"1669 Rue Ringuet, St Bruno, QC, J3V 2Y5",413,5,5.5
30,"1669 Rue Ringuet, St Bruno, QC, J3V 2Y5",414,4,4.5
30,"1669 Rue Ringuet, St Bruno, QC, J3V 2Y5",415,3,3.5
30,"1669 Rue Ringuet, St Bruno, QC, J3V 2Y5",416,4,4.5
30,"400 Rue Lansdowne, St Bruno, QC, J3V 1X3",101,3,3.5
30,"400 Rue Lansdowne, St Bruno, QC, J3V 1X3",102,3,3.5
30,"400 Rue Lansdowne, St Bruno, QC, J3V 1X3",103,4,4.5
30,"400 Rue Lansdowne, St Bruno, QC, J3V 1X3",104,5,5.5
30,"400 Rue Lansdowne, St Bruno, QC, J3V 1X3",105,5,5.5
30,"400 Rue Lansdowne, St Bruno, QC, J3V 1X3",106,4,4.5
30,"400 Rue Lansdowne, St Bruno, QC, J3V 1X3",107,3,3.5
30,"400 Rue Lansdowne, St Bruno, QC, J3V 1X3",108,3,3.5
30,"400 Rue Lansdowne, St Bruno, QC, J3V 1X3",110,3,3.5
30,"400 Rue Lansdowne, St Bruno, QC, J3V 1X3",111,4,4.5
30,"400 Rue Lansdowne, St Bruno, QC, J3V 1X3",114,4,4.5
30,"400 Rue Lansdowne, St Bruno, QC, J3V 1X3",115,3,3.5
30,"400 Rue Lansdowne, St Bruno, QC, J3V 1X3",201,4,4.5
30,"400 Rue Lansdowne, St Bruno, QC, J3V 1X3",202,3,3.5
30,"400 Rue Lansdowne, St Bruno, QC, J3V 1X3",203,4,4.5
30,"400 Rue Lansdowne, St Bruno, QC, J3V 1X3",204,5,5.5
30,"400 Rue Lansdowne, St Bruno, QC, J3V 1X3",205,5,5.5
30,"400 Rue Lansdowne, St Bruno, QC, J3V 1X3",206,4,4.5
30,"400 Rue Lansdowne, St Bruno, QC, J3V 1X3",207,3,3.5
30,"400 Rue Lansdowne, St Bruno, QC, J3V 1X3",208,4,4.5
30,"400 Rue Lansdowne, St Bruno, QC, J3V 1X3",209,4,4.5
30,"400 Rue Lansdowne, St Bruno, QC, J3V 1X3",210,3,3.5
30,"400 Rue Lansdowne, St Bruno, QC, J3V 1X3",211,4,4.5
30,"400 Rue Lansdowne, St Bruno, QC, J3V 1X3",212,5,5.5
30,"400 Rue Lansdowne, St Bruno, QC, J3V 1X3",213,5,5.5
30,"400 Rue Lansdowne, St Bruno, QC, J3V 1X3",214,4,4.5
30,"400 Rue Lansdowne, St Bruno, QC, J3V 1X3",215,3,3.5
30,"400 Rue Lansdowne, St Bruno, QC, J3V 1X3",216,4,4.5
30,"400 Rue Lansdowne, St Bruno, QC, J3V 1X3",301,4,4.5
30,"400 Rue Lansdowne, St Bruno, QC, J3V 1X3",302,3,3.5
30,"400 Rue Lansdowne, St Bruno, QC, J3V 1X3",303,4,4.5
30,"400 Rue Lansdowne, St Bruno, QC, J3V 1X3",304,5,5.5
30,"400 Rue Lansdowne, St Bruno, QC, J3V 1X3",305,5,5.5
30,"400 Rue Lansdowne, St Bruno, QC, J3V 1X3",306,4,4.5
30,"400 Rue Lansdowne, St Bruno, QC, J3V 1X3",307,3,3.5
30,"400 Rue Lansdowne, St Bruno, QC, J3V 1X3",308,4,4.5
30,"400 Rue Lansdowne, St Bruno, QC, J3V 1X3",309,4,4.5
30,"400 Rue Lansdowne, St Bruno, QC, J3V 1X3",310,3,3.5
30,"400 Rue Lansdowne, St Bruno, QC, J3V 1X3",311,4,4.5
30,"400 Rue Lansdowne, St Bruno, QC, J3V 1X3",312,5,5.5
30,"400 Rue Lansdowne, St Bruno, QC, J3V 1X3",313,5,5.5
30,"400 Rue Lansdowne, St Bruno, QC, J3V 1X3",314,4,4.5
30,"400 Rue Lansdowne, St Bruno, QC, J3V 1X3",315,3,3.5
30,"400 Rue Lansdowne, St Bruno, QC, J3V 1X3",316,4,4.5
30,"400 Rue Lansdowne, St Bruno, QC, J3V 1X3",401,4,4.5
30,"400 Rue Lansdowne, St Bruno, QC, J3V 1X3",402,3,3.5
30,"400 Rue Lansdowne, St Bruno, QC, J3V 1X3",403,4,4.5
30,"400 Rue Lansdowne, St Bruno, QC, J3V 1X3",404,5,5.5
30,"400 Rue Lansdowne, St Bruno, QC, J3V 1X3",405,5,5.5
30,"400 Rue Lansdowne, St Bruno, QC, J3V 1X3",406,4,4.5
30,"400 Rue Lansdowne, St Bruno, QC, J3V 1X3",407,3,3.5
30,"400 Rue Lansdowne, St Bruno, QC, J3V 1X3",408,4,4.5
30,"400 Rue Lansdowne, St Bruno, QC, J3V 1X3",409,4,4.5
30,"400 Rue Lansdowne, St Bruno, QC, J3V 1X3",410,3,3.5
30,"400 Rue Lansdowne, St Bruno, QC, J3V 1X3",411,4,4.5
30,"400 Rue Lansdowne, St Bruno, QC, J3V 1X3",412,5,5.5
30,"400 Rue Lansdowne, St Bruno, QC, J3V 1X3",413,5,5.5
30,"400 Rue Lansdowne, St Bruno, QC, J3V 1X3",414,4,4.5
30,"400 Rue Lansdowne, St Bruno, QC, J3V 1X3",415,3,3.5
30,"400 Rue Lansdowne, St Bruno, QC, J3V 1X3",416,4,4.5
31,"5295 Ave Des Erables, Montreal, QC, H2H 2E6",1,4,4.5
31,"5295 Ave Des Erables, Montreal, QC, H2H 2E6",2,4,4.5
31,"5295 Ave Des Erables, Montreal, QC, H2H 2E6",3,4,4.5
31,"5295 Ave Des Erables, Montreal, QC, H2H 2E6",4,4,4.5
31,"5295 Ave Des Erables, Montreal, QC, H2H 2E6",5,4,4.5
31,"5295 Ave Des Erables, Montreal, QC, H2H 2E6",6,4,4.5
31,"5295 Ave Des Erables, Montreal, QC, H2H 2E6",7,4,4.5
31,"5295 Ave Des Erables, Montreal, QC, H2H 2E6",8,3,3.5
32,"11666 Boul Saint-Germain, Montreal, QC, H4J 1Z7",101,3,3.5
32,"11666 Boul Saint-Germain, Montreal, QC, H4J 1Z7",102,3,3.5
32,"11666 Boul Saint-Germain, Montreal, QC, H4J 1Z7",103,4,4.5
32,"11666 Boul Saint-Germain, Montreal, QC, H4J 1Z7",105,3,3.5
32,"11666 Boul Saint-Germain, Montreal, QC, H4J 1Z7",106,3,3.5
32,"11666 Boul Saint-Germain, Montreal, QC, H4J 1Z7",107,3,3.5
32,"11666 Boul Saint-Germain, Montreal, QC, H4J 1Z7",108,2,2.5
32,"11666 Boul Saint-Germain, Montreal, QC, H4J 1Z7",109,1,1.5
32,"11666 Boul Saint-Germain, Montreal, QC, H4J 1Z7",201,3,3.5
32,"11666 Boul Saint-Germain, Montreal, QC, H4J 1Z7",202,3,3.5
32,"11666 Boul Saint-Germain, Montreal, QC, H4J 1Z7",203,4,4.5
32,"11666 Boul Saint-Germain, Montreal, QC, H4J 1Z7",204,3,3.5
32,"11666 Boul Saint-Germain, Montreal, QC, H4J 1Z7",205,3,3.5
32,"11666 Boul Saint-Germain, Montreal, QC, H4J 1Z7",206,3,3.5
32,"11666 Boul Saint-Germain, Montreal, QC, H4J 1Z7",207,3,3.5
32,"11666 Boul Saint-Germain, Montreal, QC, H4J 1Z7",208,4,4.5
32,"11666 Boul Saint-Germain, Montreal, QC, H4J 1Z7",209,3,3.5
32,"11666 Boul Saint-Germain, Montreal, QC, H4J 1Z7",210,3,3.5
32,"11666 Boul Saint-Germain, Montreal, QC, H4J 1Z7",211,3,3.5
32,"11666 Boul Saint-Germain, Montreal, QC, H4J 1Z7",301,3,3.5
32,"11666 Boul Saint-Germain, Montreal, QC, H4J 1Z7",302,3,3.5
32,"11666 Boul Saint-Germain, Montreal, QC, H4J 1Z7",303,4,4.5
32,"11666 Boul Saint-Germain, Montreal, QC, H4J 1Z7",304,3,3.5
32,"11666 Boul Saint-Germain, Montreal, QC, H4J 1Z7",305,3,3.5
32,"11666 Boul Saint-Germain, Montreal, QC, H4J 1Z7",306,3,3.5
32,"11666 Boul Saint-Germain, Montreal, QC, H4J 1Z7",307,3,3.5
32,"11666 Boul Saint-Germain, Montreal, QC, H4J 1Z7",308,4,4.5
32,"11666 Boul Saint-Germain, Montreal, QC, H4J 1Z7",309,3,3.5
32,"11666 Boul Saint-Germain, Montreal, QC, H4J 1Z7",310,3,3.5
32,"11666 Boul Saint-Germain, Montreal, QC, H4J 1Z7",311,3,3.5
32,"11666 Boul Saint-Germain, Montreal, QC, H4J 1Z7",401,3,3.5
32,"11666 Boul Saint-Germain, Montreal, QC, H4J 1Z7",402,3,3.5
32,"11666 Boul Saint-Germain, Montreal, QC, H4J 1Z7",403,4,4.5
32,"11666 Boul Saint-Germain, Montreal, QC, H4J 1Z7",404,3,3.5
32,"11666 Boul Saint-Germain, Montreal, QC, H4J 1Z7",405,3,3.5
32,"11666 Boul Saint-Germain, Montreal, QC, H4J 1Z7",406,3,3.5
32,"11666 Boul Saint-Germain, Montreal, QC, H4J 1Z7",407,3,3.5
32,"11666 Boul Saint-Germain, Montreal, QC, H4J 1Z7",408,4,4.5
32,"11666 Boul Saint-Germain, Montreal, QC, H4J 1Z7",410,3,3.5
32,"11666 Boul Saint-Germain, Montreal, QC, H4J 1Z7",411,3,3.5
32,"11666 Boul Saint-Germain, Montreal, QC, H4J 1Z7",501,3,3.5
32,"11666 Boul Saint-Germain, Montreal, QC, H4J 1Z7",502,3,3.5
32,"11666 Boul Saint-Germain, Montreal, QC, H4J 1Z7",503,4,4.5
32,"11666 Boul Saint-Germain, Montreal, QC, H4J 1Z7",504,3,3.5
32,"11666 Boul Saint-Germain, Montreal, QC, H4J 1Z7",505,3,3.5
32,"11666 Boul Saint-Germain, Montreal, QC, H4J 1Z7",506,3,3.5
32,"11666 Boul Saint-Germain, Montreal, QC, H4J 1Z7",507,3,3.5
32,"11666 Boul Saint-Germain, Montreal, QC, H4J 1Z7",508,4,4.5
32,"11666 Boul Saint-Germain, Montreal, QC, H4J 1Z7",509,3,3.5
32,"11666 Boul Saint-Germain, Montreal, QC, H4J 1Z7",510,3,3.5
32,"11666 Boul Saint-Germain, Montreal, QC, H4J 1Z7",511,3,3.5
32,"11666 Boul Saint-Germain, Montreal, QC, H4J 1Z7",409-f,3,3.5
32,"11666 Boul Saint-Germain, Montreal, QC, H4J 1Z7",Antena,,?
33,"5911-5913 Ave du Parc, Montreal, QC, H2V 4H4",5913,4,4.5
33,"5911-5913 Ave du Parc, Montreal, QC, H2V 4H4",5915,4,4.5
33,"5911-5913 Ave du Parc, Montreal, QC, H2V 4H4",5911A,4,4.5
33,"5911-5913 Ave du Parc, Montreal, QC, H2V 4H4",5911B,4,4.5
33,"5911-5913 Ave du Parc, Montreal, QC, H2V 4H4",5913A,4,4.5
33,"5911-5913 Ave du Parc, Montreal, QC, H2V 4H4",5913B,4,4.5
34,"17000 Blvd Pierrefonds, Pierrefonds, QC, H9J 2V3",1,4,4.5
34,"17000 Blvd Pierrefonds, Pierrefonds, QC, H9J 2V3",2,4,4.5
34,"17000 Blvd Pierrefonds, Pierrefonds, QC, H9J 2V3",3,4,4.5
34,"17000 Blvd Pierrefonds, Pierrefonds, QC, H9J 2V3",4,4,4.5
34,"17000 Blvd Pierrefonds, Pierrefonds, QC, H9J 2V3",5,3,3.5
34,"17000 Blvd Pierrefonds, Pierrefonds, QC, H9J 2V3",6,5,5.5
34,"17000 Blvd Pierrefonds, Pierrefonds, QC, H9J 2V3",7,4,4.5
34,"17000 Blvd Pierrefonds, Pierrefonds, QC, H9J 2V3",8,4,4.5
34,"17000 Blvd Pierrefonds, Pierrefonds, QC, H9J 2V3",9,3,3.5
34,"17000 Blvd Pierrefonds, Pierrefonds, QC, H9J 2V3",10,5,5.5
34,"17000 Blvd Pierrefonds, Pierrefonds, QC, H9J 2V3",11,4,4.5
34,"17000 Blvd Pierrefonds, Pierrefonds, QC, H9J 2V3",12,4,4.5
34,"17000 Blvd Pierrefonds, Pierrefonds, QC, H9J 2V3",14,3,3.5
34,"17000 Blvd Pierrefonds, Pierrefonds, QC, H9J 2V3",15,5,5.5
34,"17017 Rue Émile-Nelligan, Pierrefonds, QC, H9J 2T9",1,4,4.5
34,"17017 Rue Émile-Nelligan, Pierrefonds, QC, H9J 2T9",2,4,4.5
34,"17017 Rue Émile-Nelligan, Pierrefonds, QC, H9J 2T9",3,4,4.5
34,"17017 Rue Émile-Nelligan, Pierrefonds, QC, H9J 2T9",4,4,4.5
34,"17017 Rue Émile-Nelligan, Pierrefonds, QC, H9J 2T9",5,3,3.5
34,"17017 Rue Émile-Nelligan, Pierrefonds, QC, H9J 2T9",6,5,5.5
34,"17017 Rue Émile-Nelligan, Pierrefonds, QC, H9J 2T9",7,4,4.5
34,"17017 Rue Émile-Nelligan, Pierrefonds, QC, H9J 2T9",8,4,4.5
34,"17017 Rue Émile-Nelligan, Pierrefonds, QC, H9J 2T9",9,3,3.5
34,"17017 Rue Émile-Nelligan, Pierrefonds, QC, H9J 2T9",10,5,5.5
34,"17017 Rue Émile-Nelligan, Pierrefonds, QC, H9J 2T9",11,4,4.5
34,"17017 Rue Émile-Nelligan, Pierrefonds, QC, H9J 2T9",12,4,4.5
34,"17017 Rue Émile-Nelligan, Pierrefonds, QC, H9J 2T9",14,3,3.5
34,"17017 Rue Émile-Nelligan, Pierrefonds, QC, H9J 2T9",15,5,5.5
34,"17100 Blvd Pierrefonds, Pierrefonds, QC, H9J 2V5",1,5,5.5
34,"17100 Blvd Pierrefonds, Pierrefonds, QC, H9J 2V5",2,4,4.5
34,"17100 Blvd Pierrefonds, Pierrefonds, QC, H9J 2V5",3,4,4.5
34,"17100 Blvd Pierrefonds, Pierrefonds, QC, H9J 2V5",4,5,5.5
34,"17100 Blvd Pierrefonds, Pierrefonds, QC, H9J 2V5",5,3,3.5
34,"17100 Blvd Pierrefonds, Pierrefonds, QC, H9J 2V5",6,4,4.5
34,"17100 Blvd Pierrefonds, Pierrefonds, QC, H9J 2V5",7,4,4.5
34,"17100 Blvd Pierrefonds, Pierrefonds, QC, H9J 2V5",8,5,5.5
34,"17100 Blvd Pierrefonds, Pierrefonds, QC, H9J 2V5",9,3,3.5
34,"17100 Blvd Pierrefonds, Pierrefonds, QC, H9J 2V5",10,4,4.5
34,"17100 Blvd Pierrefonds, Pierrefonds, QC, H9J 2V5",11,4,4.5
34,"17100 Blvd Pierrefonds, Pierrefonds, QC, H9J 2V5",12,5,5.5
34,"17100 Blvd Pierrefonds, Pierrefonds, QC, H9J 2V5",14,3,3.5
34,"17100 Blvd Pierrefonds, Pierrefonds, QC, H9J 2V5",15,4,4.5
34,"17100 Blvd Pierrefonds, Pierrefonds, QC, H9J 2V5",16,4,4.5
34,"17111 Rue Émile-Nelligan, Pierrefonds, QC, H9J 2V6",1,5,5.5
34,"17111 Rue Émile-Nelligan, Pierrefonds, QC, H9J 2V6",2,4,4.5
34,"17111 Rue Émile-Nelligan, Pierrefonds, QC, H9J 2V6",3,4,4.5
34,"17111 Rue Émile-Nelligan, Pierrefonds, QC, H9J 2V6",4,5,5.5
34,"17111 Rue Émile-Nelligan, Pierrefonds, QC, H9J 2V6",5,3,3.5
34,"17111 Rue Émile-Nelligan, Pierrefonds, QC, H9J 2V6",6,4,4.5
34,"17111 Rue Émile-Nelligan, Pierrefonds, QC, H9J 2V6",7,4,4.5
34,"17111 Rue Émile-Nelligan, Pierrefonds, QC, H9J 2V6",8,5,5.5
34,"17111 Rue Émile-Nelligan, Pierrefonds, QC, H9J 2V6",9,3,3.5
34,"17111 Rue Émile-Nelligan, Pierrefonds, QC, H9J 2V6",10,4,4.5
34,"17111 Rue Émile-Nelligan, Pierrefonds, QC, H9J 2V6",11,4,4.5
34,"17111 Rue Émile-Nelligan, Pierrefonds, QC, H9J 2V6",12,5,5.5
34,"17111 Rue Émile-Nelligan, Pierrefonds, QC, H9J 2V6",14,3,3.5
34,"17111 Rue Émile-Nelligan, Pierrefonds, QC, H9J 2V6",15,4,4.5
34,"17111 Rue Émile-Nelligan, Pierrefonds, QC, H9J 2V6",16,4,4.5
34,"17115 Rue Émile-Nelligan, Pierrefonds, QC, H9J 2V6",1,4,4.5
34,"17115 Rue Émile-Nelligan, Pierrefonds, QC, H9J 2V6",2,4,4.5
34,"17115 Rue Émile-Nelligan, Pierrefonds, QC, H9J 2V6",3,5,5.5
34,"17115 Rue Émile-Nelligan, Pierrefonds, QC, H9J 2V6",4,3,3.5
34,"17115 Rue Émile-Nelligan, Pierrefonds, QC, H9J 2V6",5,4,4.5
34,"17115 Rue Émile-Nelligan, Pierrefonds, QC, H9J 2V6",6,4,4.5
34,"17115 Rue Émile-Nelligan, Pierrefonds, QC, H9J 2V6",7,5,5.5
34,"17115 Rue Émile-Nelligan, Pierrefonds, QC, H9J 2V6",8,3,3.5
34,"17115 Rue Émile-Nelligan, Pierrefonds, QC, H9J 2V6",9,4,4.5
34,"17115 Rue Émile-Nelligan, Pierrefonds, QC, H9J 2V6",10,4,4.5
34,"17115 Rue Émile-Nelligan, Pierrefonds, QC, H9J 2V6",11,5,5.5
34,"17115 Rue Émile-Nelligan, Pierrefonds, QC, H9J 2V6",12,3,3.5
34,"17115 Rue Émile-Nelligan, Pierrefonds, QC, H9J 2V6",14,4,4.5
34,"17115 Rue Émile-Nelligan, Pierrefonds, QC, H9J 2V6",15,4,4.5
34,"17125 Rue Émile-Nelligan, Pierrefonds, QC, H9J 2V6",1,4,4.5
34,"17125 Rue Émile-Nelligan, Pierrefonds, QC, H9J 2V6",2,4,4.5
34,"17125 Rue Émile-Nelligan, Pierrefonds, QC, H9J 2V6",3,4,4.5
34,"17125 Rue Émile-Nelligan, Pierrefonds, QC, H9J 2V6",4,4,4.5
34,"17125 Rue Émile-Nelligan, Pierrefonds, QC, H9J 2V6",5,3,3.5
34,"17125 Rue Émile-Nelligan, Pierrefonds, QC, H9J 2V6",6,5,5.5
34,"17125 Rue Émile-Nelligan, Pierrefonds, QC, H9J 2V6",7,4,4.5
34,"17125 Rue Émile-Nelligan, Pierrefonds, QC, H9J 2V6",8,4,4.5
34,"17125 Rue Émile-Nelligan, Pierrefonds, QC, H9J 2V6",9,3,3.5
34,"17125 Rue Émile-Nelligan, Pierrefonds, QC, H9J 2V6",10,5,5.5
34,"17125 Rue Émile-Nelligan, Pierrefonds, QC, H9J 2V6",11,4,4.5
34,"17125 Rue Émile-Nelligan, Pierrefonds, QC, H9J 2V6",12,4,4.5
34,"17125 Rue Émile-Nelligan, Pierrefonds, QC, H9J 2V6",14,3,3.5
34,"17125 Rue Émile-Nelligan, Pierrefonds, QC, H9J 2V6",15,5,5.5
34,"4900 Rue Louis-Fréchette, Pierrefonds, QC, H9J 2V2",1,5,5.5
34,"4900 Rue Louis-Fréchette, Pierrefonds, QC, H9J 2V2",2,4,4.5
34,"4900 Rue Louis-Fréchette, Pierrefonds, QC, H9J 2V2",3,4,4.5
34,"4900 Rue Louis-Fréchette, Pierrefonds, QC, H9J 2V2",4,5,5.5
34,"4900 Rue Louis-Fréchette, Pierrefonds, QC, H9J 2V2",5,3,3.5
34,"4900 Rue Louis-Fréchette, Pierrefonds, QC, H9J 2V2",6,4,4.5
34,"4900 Rue Louis-Fréchette, Pierrefonds, QC, H9J 2V2",7,4,4.5
34,"4900 Rue Louis-Fréchette, Pierrefonds, QC, H9J 2V2",8,5,5.5
34,"4900 Rue Louis-Fréchette, Pierrefonds, QC, H9J 2V2",9,3,3.5
34,"4900 Rue Louis-Fréchette, Pierrefonds, QC, H9J 2V2",10,4,4.5
34,"4900 Rue Louis-Fréchette, Pierrefonds, QC, H9J 2V2",11,4,4.5
34,"4900 Rue Louis-Fréchette, Pierrefonds, QC, H9J 2V2",12,5,5.5
34,"4900 Rue Louis-Fréchette, Pierrefonds, QC, H9J 2V2",14,3,3.5
34,"4900 Rue Louis-Fréchette, Pierrefonds, QC, H9J 2V2",15,4,4.5
34,"4900 Rue Louis-Fréchette, Pierrefonds, QC, H9J 2V2",16,4,4.5
34,"4905 Rue Louis-Fréchette, Pierrefonds, QC, H9J 2V3",1,4,4.5
34,"4905 Rue Louis-Fréchette, Pierrefonds, QC, H9J 2V3",2,4,4.5
34,"4905 Rue Louis-Fréchette, Pierrefonds, QC, H9J 2V3",3,5,5.5
34,"4905 Rue Louis-Fréchette, Pierrefonds, QC, H9J 2V3",4,4,4.5
34,"4905 Rue Louis-Fréchette, Pierrefonds, QC, H9J 2V3",5,4,4.5
34,"4905 Rue Louis-Fréchette, Pierrefonds, QC, H9J 2V3",6,3,3.5
34,"4905 Rue Louis-Fréchette, Pierrefonds, QC, H9J 2V3",7,5,5.5
34,"4905 Rue Louis-Fréchette, Pierrefonds, QC, H9J 2V3",8,4,4.5
34,"4905 Rue Louis-Fréchette, Pierrefonds, QC, H9J 2V3",9,4,4.5
34,"4905 Rue Louis-Fréchette, Pierrefonds, QC, H9J 2V3",10,3,3.5
34,"4905 Rue Louis-Fréchette, Pierrefonds, QC, H9J 2V3",11,5,5.5
34,"4905 Rue Louis-Fréchette, Pierrefonds, QC, H9J 2V3",12,4,4.5
34,"4905 Rue Louis-Fréchette, Pierrefonds, QC, H9J 2V3",14,4,4.5
34,"4905 Rue Louis-Fréchette, Pierrefonds, QC, H9J 2V3",15,3,3.5
34,"4905 Rue Louis-Fréchette, Pierrefonds, QC, H9J 2V3",16,5,5.5
36,"5770 Chemin Chambly, Longueuil, QC, J3Y 3P7",101,5,5.5
36,"5770 Chemin Chambly, Longueuil, QC, J3Y 3P7",102,5,5.5
36,"5770 Chemin Chambly, Longueuil, QC, J3Y 3P7",105,3,3.5
36,"5770 Chemin Chambly, Longueuil, QC, J3Y 3P7",106,3,3.5
36,"5770 Chemin Chambly, Longueuil, QC, J3Y 3P7",107,5,5.5
36,"5770 Chemin Chambly, Longueuil, QC, J3Y 3P7",108,4,4.5
36,"5770 Chemin Chambly, Longueuil, QC, J3Y 3P7",109,4,4.5
36,"5770 Chemin Chambly, Longueuil, QC, J3Y 3P7",110,4,4.5
36,"5770 Chemin Chambly, Longueuil, QC, J3Y 3P7",201,4,4.5
36,"5770 Chemin Chambly, Longueuil, QC, J3Y 3P7",202,4,4.5
36,"5770 Chemin Chambly, Longueuil, QC, J3Y 3P7",203,4,4.5
36,"5770 Chemin Chambly, Longueuil, QC, J3Y 3P7",204,3,3.5
36,"5770 Chemin Chambly, Longueuil, QC, J3Y 3P7",205,3,3.5
36,"5770 Chemin Chambly, Longueuil, QC, J3Y 3P7",206,3,3.5
36,"5770 Chemin Chambly, Longueuil, QC, J3Y 3P7",207,4,4.5
36,"5770 Chemin Chambly, Longueuil, QC, J3Y 3P7",208,4,4.5
36,"5770 Chemin Chambly, Longueuil, QC, J3Y 3P7",209,4,4.5
36,"5770 Chemin Chambly, Longueuil, QC, J3Y 3P7",210,4,4.5
36,"5770 Chemin Chambly, Longueuil, QC, J3Y 3P7",301,4,4.5
36,"5770 Chemin Chambly, Longueuil, QC, J3Y 3P7",302,4,4.5
36,"5770 Chemin Chambly, Longueuil, QC, J3Y 3P7",303,4,4.5
36,"5770 Chemin Chambly, Longueuil, QC, J3Y 3P7",304,4,4.5
36,"5770 Chemin Chambly, Longueuil, QC, J3Y 3P7",305,3,3.5
36,"5770 Chemin Chambly, Longueuil, QC, J3Y 3P7",306,3,3.5
36,"5770 Chemin Chambly, Longueuil, QC, J3Y 3P7",307,4,4.5
36,"5770 Chemin Chambly, Longueuil, QC, J3Y 3P7",308,4,4.5
36,"5770 Chemin Chambly, Longueuil, QC, J3Y 3P7",309,4,4.5
36,"5770 Chemin Chambly, Longueuil, QC, J3Y 3P7",310,4,4.5
36,"5770 Chemin Chambly, Longueuil, QC, J3Y 3P7",401,4,4.5
36,"5770 Chemin Chambly, Longueuil, QC, J3Y 3P7",402,4,4.5
36,"5770 Chemin Chambly, Longueuil, QC, J3Y 3P7",403,4,4.5
36,"5770 Chemin Chambly, Longueuil, QC, J3Y 3P7",404,4,4.5
36,"5770 Chemin Chambly, Longueuil, QC, J3Y 3P7",405,3,3.5
36,"5770 Chemin Chambly, Longueuil, QC, J3Y 3P7",406,3,3.5
36,"5770 Chemin Chambly, Longueuil, QC, J3Y 3P7",407,4,4.5
36,"5770 Chemin Chambly, Longueuil, QC, J3Y 3P7",408,4,4.5
36,"5770 Chemin Chambly, Longueuil, QC, J3Y 3P7",409,4,4.5
36,"5770 Chemin Chambly, Longueuil, QC, J3Y 3P7",410,4,4.5
36,"5790 Chemin Chambly, Longueuil, QC, J3Y 3P7",101,4,4.5
36,"5790 Chemin Chambly, Longueuil, QC, J3Y 3P7",102,4,4.5
36,"5790 Chemin Chambly, Longueuil, QC, J3Y 3P7",103,4,4.5
36,"5790 Chemin Chambly, Longueuil, QC, J3Y 3P7",104,4,4.5
36,"5790 Chemin Chambly, Longueuil, QC, J3Y 3P7",105,3,3.5
36,"5790 Chemin Chambly, Longueuil, QC, J3Y 3P7",106,3,3.5
36,"5790 Chemin Chambly, Longueuil, QC, J3Y 3P7",108,4,4.5
36,"5790 Chemin Chambly, Longueuil, QC, J3Y 3P7",110,3,3.5
36,"5790 Chemin Chambly, Longueuil, QC, J3Y 3P7",111,1,1.5
36,"5790 Chemin Chambly, Longueuil, QC, J3Y 3P7",112,3,3.5
36,"5790 Chemin Chambly, Longueuil, QC, J3Y 3P7",114,4,4.5
36,"5790 Chemin Chambly, Longueuil, QC, J3Y 3P7",115,5,5.5
36,"5790 Chemin Chambly, Longueuil, QC, J3Y 3P7",116,4,4.5
36,"5790 Chemin Chambly, Longueuil, QC, J3Y 3P7",117,4,4.5
36,"5790 Chemin Chambly, Longueuil, QC, J3Y 3P7",201,4,4.5
36,"5790 Chemin Chambly, Longueuil, QC, J3Y 3P7",202,4,4.5
36,"5790 Chemin Chambly, Longueuil, QC, J3Y 3P7",203,4,4.5
36,"5790 Chemin Chambly, Longueuil, QC, J3Y 3P7",204,4,4.5
36,"5790 Chemin Chambly, Longueuil, QC, J3Y 3P7",205,3,3.5
36,"5790 Chemin Chambly, Longueuil, QC, J3Y 3P7",206,3,3.5
36,"5790 Chemin Chambly, Longueuil, QC, J3Y 3P7",207,4,4.5
36,"5790 Chemin Chambly, Longueuil, QC, J3Y 3P7",208,4,4.5
36,"5790 Chemin Chambly, Longueuil, QC, J3Y 3P7",209,6,6.5
36,"5790 Chemin Chambly, Longueuil, QC, J3Y 3P7",210,3,3.5
36,"5790 Chemin Chambly, Longueuil, QC, J3Y 3P7",211,3,3.5
36,"5790 Chemin Chambly, Longueuil, QC, J3Y 3P7",212,3,3.5
36,"5790 Chemin Chambly, Longueuil, QC, J3Y 3P7",214,4,4.5
36,"5790 Chemin Chambly, Longueuil, QC, J3Y 3P7",215,4,4.5
36,"5790 Chemin Chambly, Longueuil, QC, J3Y 3P7",216,4,4.5
36,"5790 Chemin Chambly, Longueuil, QC, J3Y 3P7",217,4,4.5
36,"5790 Chemin Chambly, Longueuil, QC, J3Y 3P7",301,4,4.5
36,"5790 Chemin Chambly, Longueuil, QC, J3Y 3P7",302,4,4.5
36,"5790 Chemin Chambly, Longueuil, QC, J3Y 3P7",303,4,4.5
36,"5790 Chemin Chambly, Longueuil, QC, J3Y 3P7",304,4,4.5
36,"5790 Chemin Chambly, Longueuil, QC, J3Y 3P7",305,3,3.5
36,"5790 Chemin Chambly, Longueuil, QC, J3Y 3P7",306,3,3.5
36,"5790 Chemin Chambly, Longueuil, QC, J3Y 3P7",307,4,4.5
36,"5790 Chemin Chambly, Longueuil, QC, J3Y 3P7",308,4,4.5
36,"5790 Chemin Chambly, Longueuil, QC, J3Y 3P7",309,4,4.5
36,"5790 Chemin Chambly, Longueuil, QC, J3Y 3P7",310,4,4.5
36,"5790 Chemin Chambly, Longueuil, QC, J3Y 3P7",311,3,3.5
36,"5790 Chemin Chambly, Longueuil, QC, J3Y 3P7",312,3,3.5
36,"5790 Chemin Chambly, Longueuil, QC, J3Y 3P7",314,4,4.5
36,"5790 Chemin Chambly, Longueuil, QC, J3Y 3P7",315,4,4.5
36,"5790 Chemin Chambly, Longueuil, QC, J3Y 3P7",316,4,4.5
36,"5790 Chemin Chambly, Longueuil, QC, J3Y 3P7",317,4,4.5
36,"5790 Chemin Chambly, Longueuil, QC, J3Y 3P7",401,4,4.5
36,"5790 Chemin Chambly, Longueuil, QC, J3Y 3P7",402,4,4.5
36,"5790 Chemin Chambly, Longueuil, QC, J3Y 3P7",403,4,4.5
36,"5790 Chemin Chambly, Longueuil, QC, J3Y 3P7",404,4,4.5
36,"5790 Chemin Chambly, Longueuil, QC, J3Y 3P7",405,3,3.5
36,"5790 Chemin Chambly, Longueuil, QC, J3Y 3P7",406,3,3.5
36,"5790 Chemin Chambly, Longueuil, QC, J3Y 3P7",407,4,4.5
36,"5790 Chemin Chambly, Longueuil, QC, J3Y 3P7",408,4,4.5
36,"5790 Chemin Chambly, Longueuil, QC, J3Y 3P7",409,4,4.5
36,"5790 Chemin Chambly, Longueuil, QC, J3Y 3P7",410,4,4.5
36,"5790 Chemin Chambly, Longueuil, QC, J3Y 3P7",411,3,3.5
36,"5790 Chemin Chambly, Longueuil, QC, J3Y 3P7",412,3,3.5
36,"5790 Chemin Chambly, Longueuil, QC, J3Y 3P7",414,4,4.5
36,"5790 Chemin Chambly, Longueuil, QC, J3Y 3P7",415,4,4.5
36,"5790 Chemin Chambly, Longueuil, QC, J3Y 3P7",416,4,4.5
36,"5790 Chemin Chambly, Longueuil, QC, J3Y 3P7",417,4,4.5
38,"5587-5603 de l'Esplanade, Montreal, QC, H2T 2Z9",5587,5,5.5
38,"5587-5603 de l'Esplanade, Montreal, QC, H2T 2Z9",5589,5,5.5
38,"5587-5603 de l'Esplanade, Montreal, QC, H2T 2Z9",5591,5,5.5
38,"5587-5603 de l'Esplanade, Montreal, QC, H2T 2Z9",5593,5,5.5
38,"5587-5603 de l'Esplanade, Montreal, QC, H2T 2Z9",5595,5,5.5
38,"5587-5603 de l'Esplanade, Montreal, QC, H2T 2Z9",5597,5,5.5
38,"5587-5603 de l'Esplanade, Montreal, QC, H2T 2Z9",5599,5,5.5
38,"5587-5603 de l'Esplanade, Montreal, QC, H2T 2Z9",5601,5,5.5
38,"5587-5603 de l'Esplanade, Montreal, QC, H2T 2Z9",5603,5,5.5
40,"11055 Av. Touchette, Montreal, QC, H1H 5J2",1,4,4.5
40,"11055 Av. Touchette, Montreal, QC, H1H 5J2",2,4,4.5
40,"11055 Av. Touchette, Montreal, QC, H1H 5J2",3,3,3.5
40,"11055 Av. Touchette, Montreal, QC, H1H 5J2",4,4,4.5
40,"11055 Av. Touchette, Montreal, QC, H1H 5J2",5,4,4.5
40,"11055 Av. Touchette, Montreal, QC, H1H 5J2",6,3,3.5
40,"11055 Av. Touchette, Montreal, QC, H1H 5J2",7,4,4.5
40,"11055 Av. Touchette, Montreal, QC, H1H 5J2",8,4,4.5
40,"11055 Av. Touchette, Montreal, QC, H1H 5J2",9,3,3.5
40,"11055 Av. Touchette, Montreal, QC, H1H 5J2",10,4,4.5
40,"11055 Av. Touchette, Montreal, QC, H1H 5J2",11,4,4.5
40,"11055 Av. Touchette, Montreal, QC, H1H 5J2",12,3,3.5
40,"11055 Av. Touchette, Montreal, QC, H1H 5J2",14,4,4.5
40,"11055 Av. Touchette, Montreal, QC, H1H 5J2",15,4,4.5
40,"11055 Av. Touchette, Montreal, QC, H1H 5J2",16,3,3.5
40,"11055 Av. Touchette, Montreal, QC, H1H 5J2",17,4,4.5
40,"11055 Av. Touchette, Montreal, QC, H1H 5J2",18,4,4.5
40,"11055 Av. Touchette, Montreal, QC, H1H 5J2",19,3,3.5
40,"11055 Av. Touchette, Montreal, QC, H1H 5J2",20,4,4.5
40,"11065 Av. Touchette, Montreal, QC, H1H 5J2",1,4,4.5
40,"11065 Av. Touchette, Montreal, QC, H1H 5J2",2,4,4.5
40,"11065 Av. Touchette, Montreal, QC, H1H 5J2",3,4,4.5
40,"11065 Av. Touchette, Montreal, QC, H1H 5J2",4,4,4.5
40,"11065 Av. Touchette, Montreal, QC, H1H 5J2",5,4,4.5
40,"11065 Av. Touchette, Montreal, QC, H1H 5J2",6,4,4.5
40,"11065 Av. Touchette, Montreal, QC, H1H 5J2",7,4,4.5
40,"11065 Av. Touchette, Montreal, QC, H1H 5J2",8,4,4.5
40,"11065 Av. Touchette, Montreal, QC, H1H 5J2",9,4,4.5
40,"11065 Av. Touchette, Montreal, QC, H1H 5J2",10,4,4.5
40,"11065 Av. Touchette, Montreal, QC, H1H 5J2",11,4,4.5
40,"11065 Av. Touchette, Montreal, QC, H1H 5J2",12,4,4.5
40,"11065 Av. Touchette, Montreal, QC, H1H 5J2",14,4,4.5
40,"11065 Av. Touchette, Montreal, QC, H1H 5J2",15,4,4.5
40,"11065 Av. Touchette, Montreal, QC, H1H 5J2",16,4,4.5
40,"11065 Av. Touchette, Montreal, QC, H1H 5J2",17,4,4.5
40,"11075 Av. Touchette, Montreal, QC, H1H 5J2",1,4,4.5
40,"11075 Av. Touchette, Montreal, QC, H1H 5J2",2,4,4.5
40,"11075 Av. Touchette, Montreal, QC, H1H 5J2",3,4,4.5
40,"11075 Av. Touchette, Montreal, QC, H1H 5J2",4,4,4.5
40,"11075 Av. Touchette, Montreal, QC, H1H 5J2",5,4,4.5
40,"11075 Av. Touchette, Montreal, QC, H1H 5J2",6,4,4.5
40,"11075 Av. Touchette, Montreal, QC, H1H 5J2",7,4,4.5
40,"11075 Av. Touchette, Montreal, QC, H1H 5J2",8,4,4.5
40,"11075 Av. Touchette, Montreal, QC, H1H 5J2",9,4,4.5
40,"11075 Av. Touchette, Montreal, QC, H1H 5J2",10,4,4.5
40,"11075 Av. Touchette, Montreal, QC, H1H 5J2",11,4,4.5
40,"11075 Av. Touchette, Montreal, QC, H1H 5J2",12,4,4.5
40,"11075 Av. Touchette, Montreal, QC, H1H 5J2",14,4,4.5
40,"11075 Av. Touchette, Montreal, QC, H1H 5J2",15,4,4.5
40,"11075 Av. Touchette, Montreal, QC, H1H 5J2",16,4,4.5
40,"11075 Av. Touchette, Montreal, QC, H1H 5J2",17,4,4.5
42,"12200 Boulevard de Pierrefonds, Pierrefonds, QC, H9A 2X7",102,4,4.5
42,"12200 Boulevard de Pierrefonds, Pierrefonds, QC, H9A 2X7",103,4,4.5
42,"12200 Boulevard de Pierrefonds, Pierrefonds, QC, H9A 2X7",104,4,4.5
42,"12200 Boulevard de Pierrefonds, Pierrefonds, QC, H9A 2X7",105,4,4.5
42,"12200 Boulevard de Pierrefonds, Pierrefonds, QC, H9A 2X7",106,3,3.5
42,"12200 Boulevard de Pierrefonds, Pierrefonds, QC, H9A 2X7",110,3,3.5
42,"12200 Boulevard de Pierrefonds, Pierrefonds, QC, H9A 2X7",113,3,3.5
42,"12200 Boulevard de Pierrefonds, Pierrefonds, QC, H9A 2X7",114,4,4.5
42,"12200 Boulevard de Pierrefonds, Pierrefonds, QC, H9A 2X7",117,2,2.5
42,"12200 Boulevard de Pierrefonds, Pierrefonds, QC, H9A 2X7",119,3,3.5
42,"12200 Boulevard de Pierrefonds, Pierrefonds, QC, H9A 2X7",121,3,3.5
42,"12200 Boulevard de Pierrefonds, Pierrefonds, QC, H9A 2X7",122,3,3.5
42,"12200 Boulevard de Pierrefonds, Pierrefonds, QC, H9A 2X7",123,3,3.5
42,"12200 Boulevard de Pierrefonds, Pierrefonds, QC, H9A 2X7",125,4,4.5
42,"12200 Boulevard de Pierrefonds, Pierrefonds, QC, H9A 2X7",126,4,4.5
42,"12200 Boulevard de Pierrefonds, Pierrefonds, QC, H9A 2X7",127,4,4.5
42,"12200 Boulevard de Pierrefonds, Pierrefonds, QC, H9A 2X7",201,3,3.5
42,"12200 Boulevard de Pierrefonds, Pierrefonds, QC, H9A 2X7",202,4,4.5
42,"12200 Boulevard de Pierrefonds, Pierrefonds, QC, H9A 2X7",203,4,4.5
42,"12200 Boulevard de Pierrefonds, Pierrefonds, QC, H9A 2X7",204,4,4.5
42,"12200 Boulevard de Pierrefonds, Pierrefonds, QC, H9A 2X7",205,4,4.5
42,"12200 Boulevard de Pierrefonds, Pierrefonds, QC, H9A 2X7",207,3,3.5
42,"12200 Boulevard de Pierrefonds, Pierrefonds, QC, H9A 2X7",211,3,3.5
42,"12200 Boulevard de Pierrefonds, Pierrefonds, QC, H9A 2X7",213,3,3.5
42,"12200 Boulevard de Pierrefonds, Pierrefonds, QC, H9A 2X7",214,4,4.5
42,"12200 Boulevard de Pierrefonds, Pierrefonds, QC, H9A 2X7",220,3,3.5
42,"12200 Boulevard de Pierrefonds, Pierrefonds, QC, H9A 2X7",225,4,4.5
42,"12200 Boulevard de Pierrefonds, Pierrefonds, QC, H9A 2X7",226,4,4.5
42,"12200 Boulevard de Pierrefonds, Pierrefonds, QC, H9A 2X7",227,4,4.5
42,"12200 Boulevard de Pierrefonds, Pierrefonds, QC, H9A 2X7",302,4,4.5
42,"12200 Boulevard de Pierrefonds, Pierrefonds, QC, H9A 2X7",303,4,4.5
42,"12200 Boulevard de Pierrefonds, Pierrefonds, QC, H9A 2X7",304,4,4.5
42,"12200 Boulevard de Pierrefonds, Pierrefonds, QC, H9A 2X7",305,4,4.5
42,"12200 Boulevard de Pierrefonds, Pierrefonds, QC, H9A 2X7",306,3,3.5
42,"12200 Boulevard de Pierrefonds, Pierrefonds, QC, H9A 2X7",310,3,3.5
42,"12200 Boulevard de Pierrefonds, Pierrefonds, QC, H9A 2X7",311,3,3.5
42,"12200 Boulevard de Pierrefonds, Pierrefonds, QC, H9A 2X7",314,4,4.5
42,"12200 Boulevard de Pierrefonds, Pierrefonds, QC, H9A 2X7",321,3,3.5
42,"12200 Boulevard de Pierrefonds, Pierrefonds, QC, H9A 2X7",323,3,3.5
42,"12200 Boulevard de Pierrefonds, Pierrefonds, QC, H9A 2X7",324,3,3.5
42,"12200 Boulevard de Pierrefonds, Pierrefonds, QC, H9A 2X7",325,4,4.5
42,"12200 Boulevard de Pierrefonds, Pierrefonds, QC, H9A 2X7",326,4,4.5
42,"12200 Boulevard de Pierrefonds, Pierrefonds, QC, H9A 2X7",327,4,4.5
42,"12200 Boulevard de Pierrefonds, Pierrefonds, QC, H9A 2X7",101-f,3,3.5
42,"12200 Boulevard de Pierrefonds, Pierrefonds, QC, H9A 2X7",107-f,3,3.5
42,"12200 Boulevard de Pierrefonds, Pierrefonds, QC, H9A 2X7",108-f,3,3.5
42,"12200 Boulevard de Pierrefonds, Pierrefonds, QC, H9A 2X7",109-f,3,3.5
42,"12200 Boulevard de Pierrefonds, Pierrefonds, QC, H9A 2X7",111-f,3,3.5
42,"12200 Boulevard de Pierrefonds, Pierrefonds, QC, H9A 2X7",112-f,3,3.5
42,"12200 Boulevard de Pierrefonds, Pierrefonds, QC, H9A 2X7",115-f,2,2.5
42,"12200 Boulevard de Pierrefonds, Pierrefonds, QC, H9A 2X7",116-f,2,2.5
42,"12200 Boulevard de Pierrefonds, Pierrefonds, QC, H9A 2X7",118-f,2,2.5
42,"12200 Boulevard de Pierrefonds, Pierrefonds, QC, H9A 2X7",120-f,3,3.5
42,"12200 Boulevard de Pierrefonds, Pierrefonds, QC, H9A 2X7",124-f,3,3.5
42,"12200 Boulevard de Pierrefonds, Pierrefonds, QC, H9A 2X7",206-f,3,3.5
42,"12200 Boulevard de Pierrefonds, Pierrefonds, QC, H9A 2X7",208-f,3,3.5
42,"12200 Boulevard de Pierrefonds, Pierrefonds, QC, H9A 2X7",209-f,3,3.5
42,"12200 Boulevard de Pierrefonds, Pierrefonds, QC, H9A 2X7",210-f,3,3.5
42,"12200 Boulevard de Pierrefonds, Pierrefonds, QC, H9A 2X7",212-f,3,3.5
42,"12200 Boulevard de Pierrefonds, Pierrefonds, QC, H9A 2X7",215-f,2,2.5
42,"12200 Boulevard de Pierrefonds, Pierrefonds, QC, H9A 2X7",216-f,2,2.5
42,"12200 Boulevard de Pierrefonds, Pierrefonds, QC, H9A 2X7",217-f,2,2.5
42,"12200 Boulevard de Pierrefonds, Pierrefonds, QC, H9A 2X7",218-f,2,2.5
42,"12200 Boulevard de Pierrefonds, Pierrefonds, QC, H9A 2X7",219-f,3,3.5
42,"12200 Boulevard de Pierrefonds, Pierrefonds, QC, H9A 2X7",221-f,3,3.5
42,"12200 Boulevard de Pierrefonds, Pierrefonds, QC, H9A 2X7",222-f,3,3.5
42,"12200 Boulevard de Pierrefonds, Pierrefonds, QC, H9A 2X7",223-f,3,3.5
42,"12200 Boulevard de Pierrefonds, Pierrefonds, QC, H9A 2X7",224-f,3,3.5
42,"12200 Boulevard de Pierrefonds, Pierrefonds, QC, H9A 2X7",228-f,2,2.5
42,"12200 Boulevard de Pierrefonds, Pierrefonds, QC, H9A 2X7",301-f,3,3.5
42,"12200 Boulevard de Pierrefonds, Pierrefonds, QC, H9A 2X7",307-f,3,3.5
42,"12200 Boulevard de Pierrefonds, Pierrefonds, QC, H9A 2X7",308-f,3,3.5
42,"12200 Boulevard de Pierrefonds, Pierrefonds, QC, H9A 2X7",309-f,3,3.5
42,"12200 Boulevard de Pierrefonds, Pierrefonds, QC, H9A 2X7",312-f,3,3.5
42,"12200 Boulevard de Pierrefonds, Pierrefonds, QC, H9A 2X7",313-f,3,3.5
42,"12200 Boulevard de Pierrefonds, Pierrefonds, QC, H9A 2X7",315-f,2,2.5
42,"12200 Boulevard de Pierrefonds, Pierrefonds, QC, H9A 2X7",316-f,2,2.5
42,"12200 Boulevard de Pierrefonds, Pierrefonds, QC, H9A 2X7",317-f,2,2.5
42,"12200 Boulevard de Pierrefonds, Pierrefonds, QC, H9A 2X7",318-f,2,2.5
42,"12200 Boulevard de Pierrefonds, Pierrefonds, QC, H9A 2X7",319-f,3,3.5
42,"12200 Boulevard de Pierrefonds, Pierrefonds, QC, H9A 2X7",320-f,3,3.5
42,"12200 Boulevard de Pierrefonds, Pierrefonds, QC, H9A 2X7",322-f,3,3.5
42,"12200 Boulevard de Pierrefonds, Pierrefonds, QC, H9A 2X7",328-f,2,2.5
42,"12210 Boulevard de Pierrefonds, Pierrefonds, QC, H9A 2X6",101,3,3.5
42,"12210 Boulevard de Pierrefonds, Pierrefonds, QC, H9A 2X6",102,4,4.5
42,"12210 Boulevard de Pierrefonds, Pierrefonds, QC, H9A 2X6",103,4,4.5
42,"12210 Boulevard de Pierrefonds, Pierrefonds, QC, H9A 2X6",104,4,4.5
42,"12210 Boulevard de Pierrefonds, Pierrefonds, QC, H9A 2X6",105,4,4.5
42,"12210 Boulevard de Pierrefonds, Pierrefonds, QC, H9A 2X6",106,3,3.5
42,"12210 Boulevard de Pierrefonds, Pierrefonds, QC, H9A 2X6",107,3,3.5
42,"12210 Boulevard de Pierrefonds, Pierrefonds, QC, H9A 2X6",108,3,3.5
42,"12210 Boulevard de Pierrefonds, Pierrefonds, QC, H9A 2X6",109,3,3.5
42,"12210 Boulevard de Pierrefonds, Pierrefonds, QC, H9A 2X6",110,3,3.5
42,"12210 Boulevard de Pierrefonds, Pierrefonds, QC, H9A 2X6",111,3,3.5
42,"12210 Boulevard de Pierrefonds, Pierrefonds, QC, H9A 2X6",112,3,3.5
42,"12210 Boulevard de Pierrefonds, Pierrefonds, QC, H9A 2X6",113,3,3.5
42,"12210 Boulevard de Pierrefonds, Pierrefonds, QC, H9A 2X6",114,4,4.5
42,"12210 Boulevard de Pierrefonds, Pierrefonds, QC, H9A 2X6",116,2,2.5
42,"12210 Boulevard de Pierrefonds, Pierrefonds, QC, H9A 2X6",118,2,2.5
42,"12210 Boulevard de Pierrefonds, Pierrefonds, QC, H9A 2X6",119,3,3.5
42,"12210 Boulevard de Pierrefonds, Pierrefonds, QC, H9A 2X6",120,3,3.5
42,"12210 Boulevard de Pierrefonds, Pierrefonds, QC, H9A 2X6",121,3,3.5
42,"12210 Boulevard de Pierrefonds, Pierrefonds, QC, H9A 2X6",122,3,3.5
42,"12210 Boulevard de Pierrefonds, Pierrefonds, QC, H9A 2X6",123,4,4.5
42,"12210 Boulevard de Pierrefonds, Pierrefonds, QC, H9A 2X6",124,4,4.5
42,"12210 Boulevard de Pierrefonds, Pierrefonds, QC, H9A 2X6",126,4,4.5
42,"12210 Boulevard de Pierrefonds, Pierrefonds, QC, H9A 2X6",127,4,"4.5 Condo Style, heating and hot water included, Semi-Furnished, in Pierrefonds $1295   Available IMMEDIATELY, contact us at (514)-683-4372   TO VIEW THE APARTMENT'S VIRTUAL 3D TOUR, CLICK ON THE LINK ""VIRTUAL VISIT"" ABOVE*   Heating and hot water included.   Semi-Furnished (Stove, Refrigerator ).   Renovated.   Shared laundry room.   Indoor & Outdoor parking available.  // 4.5 Style Condo, chauffage et eau chaude inclus, Semi-Meublé, à Pierrefonds 1295$   Disponible IMMÉDIATEMENT, contactez-nous au (514)-683-4372.   POUR VISITER L'APPARTEMENT EN MODE VIRTUELLE 3D CLIQUEZ SUR ""VISITE VIRTUELLE"" CI-HAUT*   Chauffage et eau chaude inclus.   Semi-Meublé (, Poêle, Réfrigérateur).   Rénové.   Buanderie commune.   Stationnement intérieur et exterieur disponible."
42,"12210 Boulevard de Pierrefonds, Pierrefonds, QC, H9A 2X6",128,4,4.5
42,"12210 Boulevard de Pierrefonds, Pierrefonds, QC, H9A 2X6",201,3,3.5
42,"12210 Boulevard de Pierrefonds, Pierrefonds, QC, H9A 2X6",202,4,4.5
42,"12210 Boulevard de Pierrefonds, Pierrefonds, QC, H9A 2X6",203,4,4.5
42,"12210 Boulevard de Pierrefonds, Pierrefonds, QC, H9A 2X6",204,4,4.5
42,"12210 Boulevard de Pierrefonds, Pierrefonds, QC, H9A 2X6",205,4,4.5
42,"12210 Boulevard de Pierrefonds, Pierrefonds, QC, H9A 2X6",206,3,3.5
42,"12210 Boulevard de Pierrefonds, Pierrefonds, QC, H9A 2X6",207,3,3.5
42,"12210 Boulevard de Pierrefonds, Pierrefonds, QC, H9A 2X6",208,3,3.5
42,"12210 Boulevard de Pierrefonds, Pierrefonds, QC, H9A 2X6",209,3,3.5
42,"12210 Boulevard de Pierrefonds, Pierrefonds, QC, H9A 2X6",211,3,3.5
42,"12210 Boulevard de Pierrefonds, Pierrefonds, QC, H9A 2X6",212,3,3.5
42,"12210 Boulevard de Pierrefonds, Pierrefonds, QC, H9A 2X6",213,3,3.5
42,"12210 Boulevard de Pierrefonds, Pierrefonds, QC, H9A 2X6",214,4,4.5
42,"12210 Boulevard de Pierrefonds, Pierrefonds, QC, H9A 2X6",215,2,2.5
42,"12210 Boulevard de Pierrefonds, Pierrefonds, QC, H9A 2X6",216,2,2.5
42,"12210 Boulevard de Pierrefonds, Pierrefonds, QC, H9A 2X6",217,2,2.5
42,"12210 Boulevard de Pierrefonds, Pierrefonds, QC, H9A 2X6",218,2,2.5
42,"12210 Boulevard de Pierrefonds, Pierrefonds, QC, H9A 2X6",219,3,3.5
42,"12210 Boulevard de Pierrefonds, Pierrefonds, QC, H9A 2X6",220,3,3.5
42,"12210 Boulevard de Pierrefonds, Pierrefonds, QC, H9A 2X6",221,3,3.5
42,"12210 Boulevard de Pierrefonds, Pierrefonds, QC, H9A 2X6",222,3,3.5
42,"12210 Boulevard de Pierrefonds, Pierrefonds, QC, H9A 2X6",223,4,4.5
42,"12210 Boulevard de Pierrefonds, Pierrefonds, QC, H9A 2X6",224,4,4.5
42,"12210 Boulevard de Pierrefonds, Pierrefonds, QC, H9A 2X6",225,4,4.5
42,"12210 Boulevard de Pierrefonds, Pierrefonds, QC, H9A 2X6",226,4,4.5
42,"12210 Boulevard de Pierrefonds, Pierrefonds, QC, H9A 2X6",227,4,4.5
42,"12210 Boulevard de Pierrefonds, Pierrefonds, QC, H9A 2X6",228,4,4.5
42,"12210 Boulevard de Pierrefonds, Pierrefonds, QC, H9A 2X6",229,2,2.5
42,"12210 Boulevard de Pierrefonds, Pierrefonds, QC, H9A 2X6",301,3,3.5
42,"12210 Boulevard de Pierrefonds, Pierrefonds, QC, H9A 2X6",302,4,4.5
42,"12210 Boulevard de Pierrefonds, Pierrefonds, QC, H9A 2X6",303,4,4.5
42,"12210 Boulevard de Pierrefonds, Pierrefonds, QC, H9A 2X6",304,4,4.5
42,"12210 Boulevard de Pierrefonds, Pierrefonds, QC, H9A 2X6",305,4,4.5
42,"12210 Boulevard de Pierrefonds, Pierrefonds, QC, H9A 2X6",306,3,3.5
42,"12210 Boulevard de Pierrefonds, Pierrefonds, QC, H9A 2X6",307,3,3.5
42,"12210 Boulevard de Pierrefonds, Pierrefonds, QC, H9A 2X6",308,3,3.5
42,"12210 Boulevard de Pierrefonds, Pierrefonds, QC, H9A 2X6",309,3,3.5
42,"12210 Boulevard de Pierrefonds, Pierrefonds, QC, H9A 2X6",310,3,3.5
42,"12210 Boulevard de Pierrefonds, Pierrefonds, QC, H9A 2X6",311,3,3.5
42,"12210 Boulevard de Pierrefonds, Pierrefonds, QC, H9A 2X6",312,3,3.5
42,"12210 Boulevard de Pierrefonds, Pierrefonds, QC, H9A 2X6",313,3,3.5
42,"12210 Boulevard de Pierrefonds, Pierrefonds, QC, H9A 2X6",314,4,4.5
42,"12210 Boulevard de Pierrefonds, Pierrefonds, QC, H9A 2X6",315,2,2.5
42,"12210 Boulevard de Pierrefonds, Pierrefonds, QC, H9A 2X6",316,2,2.5
42,"12210 Boulevard de Pierrefonds, Pierrefonds, QC, H9A 2X6",317,2,2.5
42,"12210 Boulevard de Pierrefonds, Pierrefonds, QC, H9A 2X6",318,2,2.5
42,"12210 Boulevard de Pierrefonds, Pierrefonds, QC, H9A 2X6",319,3,3.5
42,"12210 Boulevard de Pierrefonds, Pierrefonds, QC, H9A 2X6",320,3,3.5
42,"12210 Boulevard de Pierrefonds, Pierrefonds, QC, H9A 2X6",321,3,3.5
42,"12210 Boulevard de Pierrefonds, Pierrefonds, QC, H9A 2X6",322,3,3.5
42,"12210 Boulevard de Pierrefonds, Pierrefonds, QC, H9A 2X6",323,4,4.5
42,"12210 Boulevard de Pierrefonds, Pierrefonds, QC, H9A 2X6",324,4,4.5
42,"12210 Boulevard de Pierrefonds, Pierrefonds, QC, H9A 2X6",325,4,4.5
42,"12210 Boulevard de Pierrefonds, Pierrefonds, QC, H9A 2X6",326,4,4.5
42,"12210 Boulevard de Pierrefonds, Pierrefonds, QC, H9A 2X6",327,4,4.5
42,"12210 Boulevard de Pierrefonds, Pierrefonds, QC, H9A 2X6",328,4,4.5
42,"12210 Boulevard de Pierrefonds, Pierrefonds, QC, H9A 2X6",329,2,2.5
42,"12210 Boulevard de Pierrefonds, Pierrefonds, QC, H9A 2X6",115-f,2,2.5
42,"12210 Boulevard de Pierrefonds, Pierrefonds, QC, H9A 2X6",117-f,2,2.5
42,"12210 Boulevard de Pierrefonds, Pierrefonds, QC, H9A 2X6",125f,4,4.5
42,"12210 Boulevard de Pierrefonds, Pierrefonds, QC, H9A 2X6",210-f,3,3.5
44,"7050 Rue Bombardier, Anjou, QC, H1J 2G1",101,4,4.5
44,"7050 Rue Bombardier, Anjou, QC, H1J 2G1",102,4,4.5
44,"7050 Rue Bombardier, Anjou, QC, H1J 2G1",103,3,3.5
44,"7050 Rue Bombardier, Anjou, QC, H1J 2G1",104,4,4.5
44,"7050 Rue Bombardier, Anjou, QC, H1J 2G1",105,3,3.5
44,"7050 Rue Bombardier, Anjou, QC, H1J 2G1",106,3,3.5
44,"7050 Rue Bombardier, Anjou, QC, H1J 2G1",107,3,3.5
44,"7050 Rue Bombardier, Anjou, QC, H1J 2G1",108,4,4.5
44,"7050 Rue Bombardier, Anjou, QC, H1J 2G1",109,3,3.5
44,"7050 Rue Bombardier, Anjou, QC, H1J 2G1",110,5,5.5
44,"7050 Rue Bombardier, Anjou, QC, H1J 2G1",111,5,5.5
44,"7050 Rue Bombardier, Anjou, QC, H1J 2G1",112,4,4.5
44,"7050 Rue Bombardier, Anjou, QC, H1J 2G1",113,4,4.5
44,"7050 Rue Bombardier, Anjou, QC, H1J 2G1",114,4,4.5
44,"7050 Rue Bombardier, Anjou, QC, H1J 2G1",115,4,4.5
44,"7050 Rue Bombardier, Anjou, QC, H1J 2G1",116,4,4.5
44,"7050 Rue Bombardier, Anjou, QC, H1J 2G1",117,3,3.5
44,"7050 Rue Bombardier, Anjou, QC, H1J 2G1",118,4,4.5
44,"7050 Rue Bombardier, Anjou, QC, H1J 2G1",119,4,4.5
44,"7050 Rue Bombardier, Anjou, QC, H1J 2G1",120,5,5.5
44,"7050 Rue Bombardier, Anjou, QC, H1J 2G1",121,5,5.5
44,"7050 Rue Bombardier, Anjou, QC, H1J 2G1",201,4,4.5
44,"7050 Rue Bombardier, Anjou, QC, H1J 2G1",202,4,4.5
44,"7050 Rue Bombardier, Anjou, QC, H1J 2G1",203,3,3.5
44,"7050 Rue Bombardier, Anjou, QC, H1J 2G1",204,4,4.5
44,"7050 Rue Bombardier, Anjou, QC, H1J 2G1",205,3,3.5
44,"7050 Rue Bombardier, Anjou, QC, H1J 2G1",206,3,3.5
44,"7050 Rue Bombardier, Anjou, QC, H1J 2G1",207,3,3.5
44,"7050 Rue Bombardier, Anjou, QC, H1J 2G1",208,4,4.5
44,"7050 Rue Bombardier, Anjou, QC, H1J 2G1",209,3,3.5
44,"7050 Rue Bombardier, Anjou, QC, H1J 2G1",210,5,5.5
44,"7050 Rue Bombardier, Anjou, QC, H1J 2G1",211,5,5.5
44,"7050 Rue Bombardier, Anjou, QC, H1J 2G1",212,4,4.5
44,"7050 Rue Bombardier, Anjou, QC, H1J 2G1",213,4,4.5
44,"7050 Rue Bombardier, Anjou, QC, H1J 2G1",214,4,4.5
44,"7050 Rue Bombardier, Anjou, QC, H1J 2G1",215,4,4.5
44,"7050 Rue Bombardier, Anjou, QC, H1J 2G1",216,4,4.5
44,"7050 Rue Bombardier, Anjou, QC, H1J 2G1",217,3,3.5
44,"7050 Rue Bombardier, Anjou, QC, H1J 2G1",218,4,4.5
44,"7050 Rue Bombardier, Anjou, QC, H1J 2G1",219,4,4.5
44,"7050 Rue Bombardier, Anjou, QC, H1J 2G1",220,5,5.5
44,"7050 Rue Bombardier, Anjou, QC, H1J 2G1",221,5,5.5
44,"7050 Rue Bombardier, Anjou, QC, H1J 2G1",301,4,4.5
44,"7050 Rue Bombardier, Anjou, QC, H1J 2G1",302,4,4.5
44,"7050 Rue Bombardier, Anjou, QC, H1J 2G1",303,3,3.5
44,"7050 Rue Bombardier, Anjou, QC, H1J 2G1",304,4,4.5
44,"7050 Rue Bombardier, Anjou, QC, H1J 2G1",305,3,3.5
44,"7050 Rue Bombardier, Anjou, QC, H1J 2G1",306,3,3.5
44,"7050 Rue Bombardier, Anjou, QC, H1J 2G1",307,3,3.5
44,"7050 Rue Bombardier, Anjou, QC, H1J 2G1",308,4,4.5
44,"7050 Rue Bombardier, Anjou, QC, H1J 2G1",309,3,3.5
44,"7050 Rue Bombardier, Anjou, QC, H1J 2G1",310,5,5.5
44,"7050 Rue Bombardier, Anjou, QC, H1J 2G1",311,5,5.5
44,"7050 Rue Bombardier, Anjou, QC, H1J 2G1",312,4,4.5
44,"7050 Rue Bombardier, Anjou, QC, H1J 2G1",313,4,4.5
44,"7050 Rue Bombardier, Anjou, QC, H1J 2G1",314,4,4.5
44,"7050 Rue Bombardier, Anjou, QC, H1J 2G1",315,4,4.5
44,"7050 Rue Bombardier, Anjou, QC, H1J 2G1",316,4,4.5
44,"7050 Rue Bombardier, Anjou, QC, H1J 2G1",317,3,3.5
44,"7050 Rue Bombardier, Anjou, QC, H1J 2G1",318,4,4.5
44,"7050 Rue Bombardier, Anjou, QC, H1J 2G1",319,4,4.5
44,"7050 Rue Bombardier, Anjou, QC, H1J 2G1",320,5,5.5
44,"7050 Rue Bombardier, Anjou, QC, H1J 2G1",321,5,5.5
44,"7050 Rue Bombardier, Anjou, QC, H1J 2G1",401,4,4.5
44,"7050 Rue Bombardier, Anjou, QC, H1J 2G1",402,4,4.5
44,"7050 Rue Bombardier, Anjou, QC, H1J 2G1",403,3,3.5
44,"7050 Rue Bombardier, Anjou, QC, H1J 2G1",404,4,4.5
44,"7050 Rue Bombardier, Anjou, QC, H1J 2G1",405,3,3.5
44,"7050 Rue Bombardier, Anjou, QC, H1J 2G1",406,3,3.5
44,"7050 Rue Bombardier, Anjou, QC, H1J 2G1",407,3,3.5
44,"7050 Rue Bombardier, Anjou, QC, H1J 2G1",408,4,4.5
44,"7050 Rue Bombardier, Anjou, QC, H1J 2G1",409,3,3.5
44,"7050 Rue Bombardier, Anjou, QC, H1J 2G1",410,5,5.5
44,"7050 Rue Bombardier, Anjou, QC, H1J 2G1",411,5,5.5
44,"7050 Rue Bombardier, Anjou, QC, H1J 2G1",412,4,4.5
44,"7050 Rue Bombardier, Anjou, QC, H1J 2G1",413,4,4.5
44,"7050 Rue Bombardier, Anjou, QC, H1J 2G1",414,4,4.5
44,"7050 Rue Bombardier, Anjou, QC, H1J 2G1",415,4,4.5
44,"7050 Rue Bombardier, Anjou, QC, H1J 2G1",416,4,4.5
44,"7050 Rue Bombardier, Anjou, QC, H1J 2G1",417,3,3.5
44,"7050 Rue Bombardier, Anjou, QC, H1J 2G1",418,4,4.5
44,"7050 Rue Bombardier, Anjou, QC, H1J 2G1",419,4,4.5
44,"7050 Rue Bombardier, Anjou, QC, H1J 2G1",420,5,5.5
44,"7050 Rue Bombardier, Anjou, QC, H1J 2G1",421,5,5.5
45,"7040 Rue Bombardier, Montréal, QC, H1J 2G1",1,,?
46,"4875 Rue des Érables, Montréal, QC, H9J 2W4",101,5,5.5
46,"4875 Rue des Érables, Montréal, QC, H9J 2W4",102,4,4.5
46,"4875 Rue des Érables, Montréal, QC, H9J 2W4",103,4,4.5
46,"4875 Rue des Érables, Montréal, QC, H9J 2W4",104,4,4.5
46,"4875 Rue des Érables, Montréal, QC, H9J 2W4",105,4,4.5
46,"4875 Rue des Érables, Montréal, QC, H9J 2W4",106,4,4.5
46,"4875 Rue des Érables, Montréal, QC, H9J 2W4",107,4,4.5
46,"4875 Rue des Érables, Montréal, QC, H9J 2W4",108,4,4.5
46,"4875 Rue des Érables, Montréal, QC, H9J 2W4",109,4,4.5
46,"4875 Rue des Érables, Montréal, QC, H9J 2W4",110,4,4.5
46,"4875 Rue des Érables, Montréal, QC, H9J 2W4",111,5,5.5
46,"4875 Rue des Érables, Montréal, QC, H9J 2W4",112,2,2.5
46,"4875 Rue des Érables, Montréal, QC, H9J 2W4",113,5,5.5
46,"4875 Rue des Érables, Montréal, QC, H9J 2W4",201,3,3.5
46,"4875 Rue des Érables, Montréal, QC, H9J 2W4",202,3,3.5
46,"4875 Rue des Érables, Montréal, QC, H9J 2W4",203,3,3.5
46,"4875 Rue des Érables, Montréal, QC, H9J 2W4",204,4,4.5
46,"4875 Rue des Érables, Montréal, QC, H9J 2W4",205,4,4.5
46,"4875 Rue des Érables, Montréal, QC, H9J 2W4",206,3,3.5
46,"4875 Rue des Érables, Montréal, QC, H9J 2W4",207,3,3.5
46,"4875 Rue des Érables, Montréal, QC, H9J 2W4",208,4,4.5
46,"4875 Rue des Érables, Montréal, QC, H9J 2W4",214,5,5.5
46,"4875 Rue des Érables, Montréal, QC, H9J 2W4",215,2,2.5
46,"4875 Rue des Érables, Montréal, QC, H9J 2W4",216,5,5.5
46,"4875 Rue des Érables, Montréal, QC, H9J 2W4",217,4,4.5
46,"4875 Rue des Érables, Montréal, QC, H9J 2W4",218,4,4.5
46,"4875 Rue des Érables, Montréal, QC, H9J 2W4",219,4,4.5
46,"4875 Rue des Érables, Montréal, QC, H9J 2W4",220,4,4.5
46,"4875 Rue des Érables, Montréal, QC, H9J 2W4",221,4,4.5
46,"4875 Rue des Érables, Montréal, QC, H9J 2W4",222,4,4.5
46,"4875 Rue des Érables, Montréal, QC, H9J 2W4",223,4,4.5
46,"4875 Rue des Érables, Montréal, QC, H9J 2W4",224,4,4.5
46,"4875 Rue des Érables, Montréal, QC, H9J 2W4",225,4,4.5
46,"4875 Rue des Érables, Montréal, QC, H9J 2W4",226,5,5.5
46,"4875 Rue des Érables, Montréal, QC, H9J 2W4",301,3,3.5
46,"4875 Rue des Érables, Montréal, QC, H9J 2W4",302,3,3.5
46,"4875 Rue des Érables, Montréal, QC, H9J 2W4",303,3,3.5
46,"4875 Rue des Érables, Montréal, QC, H9J 2W4",304,4,4.5
46,"4875 Rue des Érables, Montréal, QC, H9J 2W4",305,4,4.5
46,"4875 Rue des Érables, Montréal, QC, H9J 2W4",306,3,3.5
46,"4875 Rue des Érables, Montréal, QC, H9J 2W4",307,3,3.5
46,"4875 Rue des Érables, Montréal, QC, H9J 2W4",308,4,4.5
46,"4875 Rue des Érables, Montréal, QC, H9J 2W4",309,4,4.5
46,"4875 Rue des Érables, Montréal, QC, H9J 2W4",310,3,3.5
46,"4875 Rue des Érables, Montréal, QC, H9J 2W4",311,3,3.5
46,"4875 Rue des Érables, Montréal, QC, H9J 2W4",312,4,4.5
46,"4875 Rue des Érables, Montréal, QC, H9J 2W4",313,4,4.5
46,"4875 Rue des Érables, Montréal, QC, H9J 2W4",314,3,3.5
46,"4875 Rue des Érables, Montréal, QC, H9J 2W4",315,3,3.5
46,"4875 Rue des Érables, Montréal, QC, H9J 2W4",316,3,3.5
46,"4875 Rue des Érables, Montréal, QC, H9J 2W4",409,4,4.5
46,"4875 Rue des Érables, Montréal, QC, H9J 2W4",410,3,3.5
46,"4875 Rue des Érables, Montréal, QC, H9J 2W4",411,3,3.5
46,"4875 Rue des Érables, Montréal, QC, H9J 2W4",412,4,4.5
46,"4875 Rue des Érables, Montréal, QC, H9J 2W4",413,4,4.5
46,"4875 Rue des Érables, Montréal, QC, H9J 2W4",414,3,3.5
46,"4875 Rue des Érables, Montréal, QC, H9J 2W4",415,3,3.5
46,"4875 Rue des Érables, Montréal, QC, H9J 2W4",416,3,3.5
46,"4905 Rue des Érables, Montréal, QC, H9J 2W3",101,5,5.5
46,"4905 Rue des Érables, Montréal, QC, H9J 2W3",102,2,2.5
46,"4905 Rue des Érables, Montréal, QC, H9J 2W3",103,5,5.5
46,"4905 Rue des Érables, Montréal, QC, H9J 2W3",104,4,4.5
46,"4905 Rue des Érables, Montréal, QC, H9J 2W3",105,4,4.5
46,"4905 Rue des Érables, Montréal, QC, H9J 2W3",106,4,4.5
46,"4905 Rue des Érables, Montréal, QC, H9J 2W3",107,4,4.5
46,"4905 Rue des Érables, Montréal, QC, H9J 2W3",108,4,4.5
46,"4905 Rue des Érables, Montréal, QC, H9J 2W3",109,4,4.5
46,"4905 Rue des Érables, Montréal, QC, H9J 2W3",110,4,4.5
46,"4905 Rue des Érables, Montréal, QC, H9J 2W3",111,4,4.5
46,"4905 Rue des Érables, Montréal, QC, H9J 2W3",112,4,4.5
46,"4905 Rue des Érables, Montréal, QC, H9J 2W3",113,5,5.5
46,"4905 Rue des Érables, Montréal, QC, H9J 2W3",114,2,2.5
46,"4905 Rue des Érables, Montréal, QC, H9J 2W3",115,5,5.5
46,"4905 Rue des Érables, Montréal, QC, H9J 2W3",116,5,5.5
46,"4905 Rue des Érables, Montréal, QC, H9J 2W3",201,3,3.5
46,"4905 Rue des Érables, Montréal, QC, H9J 2W3",202,3,3.5
46,"4905 Rue des Érables, Montréal, QC, H9J 2W3",203,3,3.5
46,"4905 Rue des Érables, Montréal, QC, H9J 2W3",204,3,3.5
46,"4905 Rue des Érables, Montréal, QC, H9J 2W3",205,4,4.5
46,"4905 Rue des Érables, Montréal, QC, H9J 2W3",206,4,4.5
46,"4905 Rue des Érables, Montréal, QC, H9J 2W3",207,3,3.5
46,"4905 Rue des Érables, Montréal, QC, H9J 2W3",208,3,3.5
46,"4905 Rue des Érables, Montréal, QC, H9J 2W3",209,4,4.5
46,"4905 Rue des Érables, Montréal, QC, H9J 2W3",210,3,3.5
46,"4905 Rue des Érables, Montréal, QC, H9J 2W3",217,5,5.5
46,"4905 Rue des Érables, Montréal, QC, H9J 2W3",218,2,2.5
46,"4905 Rue des Érables, Montréal, QC, H9J 2W3",219,5,5.5
46,"4905 Rue des Érables, Montréal, QC, H9J 2W3",220,4,4.5
46,"4905 Rue des Érables, Montréal, QC, H9J 2W3",221,4,4.5
46,"4905 Rue des Érables, Montréal, QC, H9J 2W3",222,4,4.5
46,"4905 Rue des Érables, Montréal, QC, H9J 2W3",223,4,4.5
46,"4905 Rue des Érables, Montréal, QC, H9J 2W3",224,4,4.5
46,"4905 Rue des Érables, Montréal, QC, H9J 2W3",225,4,4.5
46,"4905 Rue des Érables, Montréal, QC, H9J 2W3",226,4,4.5
46,"4905 Rue des Érables, Montréal, QC, H9J 2W3",227,4,4.5
46,"4905 Rue des Érables, Montréal, QC, H9J 2W3",228,4,4.5
46,"4905 Rue des Érables, Montréal, QC, H9J 2W3",229,5,5.5
46,"4905 Rue des Érables, Montréal, QC, H9J 2W3",301,3,3.5
46,"4905 Rue des Érables, Montréal, QC, H9J 2W3",302,3,3.5
46,"4905 Rue des Érables, Montréal, QC, H9J 2W3",303,3,3.5
46,"4905 Rue des Érables, Montréal, QC, H9J 2W3",304,3,3.5
46,"4905 Rue des Érables, Montréal, QC, H9J 2W3",305,4,4.5
46,"4905 Rue des Érables, Montréal, QC, H9J 2W3",306,4,4.5
46,"4905 Rue des Érables, Montréal, QC, H9J 2W3",307,3,3.5
46,"4905 Rue des Érables, Montréal, QC, H9J 2W3",308,3,3.5
46,"4905 Rue des Érables, Montréal, QC, H9J 2W3",309,4,4.5
46,"4905 Rue des Érables, Montréal, QC, H9J 2W3",310,3,3.5
46,"4905 Rue des Érables, Montréal, QC, H9J 2W3",311,4,4.5
46,"4905 Rue des Érables, Montréal, QC, H9J 2W3",312,3,3.5
46,"4905 Rue des Érables, Montréal, QC, H9J 2W3",313,3,3.5
46,"4905 Rue des Érables, Montréal, QC, H9J 2W3",314,4,4.5
46,"4905 Rue des Érables, Montréal, QC, H9J 2W3",315,4,4.5
46,"4905 Rue des Érables, Montréal, QC, H9J 2W3",316,3,3.5
46,"4905 Rue des Érables, Montréal, QC, H9J 2W3",317,3,3.5
46,"4905 Rue des Érables, Montréal, QC, H9J 2W3",318,3,3.5
46,"4905 Rue des Érables, Montréal, QC, H9J 2W3",411,4,4.5
46,"4905 Rue des Érables, Montréal, QC, H9J 2W3",412,3,3.5
46,"4905 Rue des Érables, Montréal, QC, H9J 2W3",413,3,3.5
46,"4905 Rue des Érables, Montréal, QC, H9J 2W3",414,4,4.5
46,"4905 Rue des Érables, Montréal, QC, H9J 2W3",415,4,4.5
46,"4905 Rue des Érables, Montréal, QC, H9J 2W3",416,3,3.5
46,"4905 Rue des Érables, Montréal, QC, H9J 2W3",417,3,3.5
46,"4905 Rue des Érables, Montréal, QC, H9J 2W3",418,3,3.5
48,"11950 Boulevard de Pierrefonds, Montréal, QC, H9A 2X5",1,,?
50,"1015 Boulevard Chomedey, Laval, QC, H7V 3R9",1,,?
?,"17120 Blvd Pierrefonds, Pierrefonds, QC, H9J 2V5",1,4,4.5
?,"17120 Blvd Pierrefonds, Pierrefonds, QC, H9J 2V5",2,4,4.5
?,"17120 Blvd Pierrefonds, Pierrefonds, QC, H9J 2V5",3,5,5.5
?,"17120 Blvd Pierrefonds, Pierrefonds, QC, H9J 2V5",4,4,4.5
?,"17120 Blvd Pierrefonds, Pierrefonds, QC, H9J 2V5",5,4,4.5
?,"17120 Blvd Pierrefonds, Pierrefonds, QC, H9J 2V5",6,3,3.5
?,"17120 Blvd Pierrefonds, Pierrefonds, QC, H9J 2V5",7,5,5.5
?,"17120 Blvd Pierrefonds, Pierrefonds, QC, H9J 2V5",8,4,4.5
?,"17120 Blvd Pierrefonds, Pierrefonds, QC, H9J 2V5",9,4,4.5
?,"17120 Blvd Pierrefonds, Pierrefonds, QC, H9J 2V5",10,3,3.5
?,"17120 Blvd Pierrefonds, Pierrefonds, QC, H9J 2V5",11,5,5.5
?,"17120 Blvd Pierrefonds, Pierrefonds, QC, H9J 2V5",12,4,4.5
?,"17120 Blvd Pierrefonds, Pierrefonds, QC, H9J 2V5",14,4,4.5
?,"17120 Blvd Pierrefonds, Pierrefonds, QC, H9J 2V5",15,3,3.5
?,"17120 Blvd Pierrefonds, Pierrefonds, QC, H9J 2V5",16,5,5.5
?,"768 Avenue de l'Épée, outremont, QC, H2V 3M3",1,,?
?,"New Development, Anjou, QC, H1J 2G1",1,,?
